effective_date,added_ticker,added_security,removed_ticker,removed_security,reason,source,source_url,verified_at,confidence,notes,added_original_ticker,removed_original_ticker
2009-03-03,HRL,Hormel Foods,ACAS,American Capital,Capitalization rebalance,Wikipedia selected changes,https://en.wikipedia.org/wiki/List_of_S%26P_500_companies#Selected_changes_to_the_list_of_S&P_500_components,2026-06-03,medium,Selected changes table; may not be complete,HRL,ACAS
2009-03-03,VTR,Ventas,JNY,Jones Apparel Group,Capitalization rebalance,Wikipedia selected changes,https://en.wikipedia.org/wiki/List_of_S%26P_500_companies#Selected_changes_to_the_list_of_S&P_500_components,2026-06-03,medium,Selected changes table; may not be complete,VTR,JNY
2009-06-05,FTI,FMC Technologies,COV,Covidien,Covidien moved incorporation to Ireland,Wikipedia selected changes,https://en.wikipedia.org/wiki/List_of_S%26P_500_companies#Selected_changes_to_the_list_of_S&P_500_components,2026-06-03,medium,Selected changes table; may not be complete,FTI,COV
2009-06-25,TEL,TE Connectivity,,,Tyco Electronics left index due Switzerland reincorporation,Wikipedia selected changes,https://en.wikipedia.org/wiki/List_of_S%26P_500_companies#Selected_changes_to_the_list_of_S&P_500_components,2026-06-03,medium,Selected changes table; may not be complete,TEL,
2009-06-29,PCS,MetroPCS,,,MetroPCS replaced TEL,Wikipedia selected changes,https://en.wikipedia.org/wiki/List_of_S%26P_500_companies#Selected_changes_to_the_list_of_S&P_500_components,2026-06-03,medium,Selected changes table; may not be complete,PCS,
2009-08-19,FMC,FMC Corporation,CTX,Centex,Centex acquired by Pulte Homes,Wikipedia selected changes,https://en.wikipedia.org/wiki/List_of_S%26P_500_companies#Selected_changes_to_the_list_of_S&P_500_components,2026-06-03,medium,Selected changes table; may not be complete,FMC,CTX
2009-09-28,ARG,Airgas,CBE,Cooper Industries,Cooper redomesticated to Ireland,Wikipedia selected changes,https://en.wikipedia.org/wiki/List_of_S%26P_500_companies#Selected_changes_to_the_list_of_S&P_500_components,2026-06-03,medium,Selected changes table; may not be complete,ARG,CBE
2009-11-03,PCLN,Priceline.com,SGP,Schering-Plough,Schering-Plough acquired by Merck,Wikipedia selected changes,https://en.wikipedia.org/wiki/List_of_S%26P_500_companies#Selected_changes_to_the_list_of_S&P_500_components,2026-06-03,medium,Selected changes table; may not be complete,PCLN,SGP
2009-12-18,CLF,Cliffs Natural Resources,KBH,KB Home,Market capitalization change,Wikipedia selected changes,https://en.wikipedia.org/wiki/List_of_S%26P_500_companies#Selected_changes_to_the_list_of_S&P_500_components,2026-06-03,medium,Selected changes table; may not be complete,CLF,KBH
2009-12-18,MJN,Mead Johnson Nutrition,DYN,Dynegy,Market capitalization change,Wikipedia selected changes,https://en.wikipedia.org/wiki/List_of_S%26P_500_companies#Selected_changes_to_the_list_of_S&P_500_components,2026-06-03,medium,Selected changes table; may not be complete,MJN,DYN
2009-12-18,ROST,Ross Stores,MBI,MBIA,Market capitalization change,Wikipedia selected changes,https://en.wikipedia.org/wiki/List_of_S%26P_500_companies#Selected_changes_to_the_list_of_S&P_500_components,2026-06-03,medium,Selected changes table; may not be complete,ROST,MBI
2009-12-18,SAI,SAIC,CVG,Convergys,Market capitalization change,Wikipedia selected changes,https://en.wikipedia.org/wiki/List_of_S%26P_500_companies#Selected_changes_to_the_list_of_S&P_500_components,2026-06-03,medium,Selected changes table; may not be complete,SAI,CVG
2009-12-18,V,Visa,CIEN,Ciena,Market capitalization change,Wikipedia selected changes,https://en.wikipedia.org/wiki/List_of_S%26P_500_companies#Selected_changes_to_the_list_of_S&P_500_components,2026-06-03,medium,Selected changes table; may not be complete,V,CIEN
2010-02-26,HP,Helmerich & Payne,RX,IMS Health,Taken private,Wikipedia selected changes,https://en.wikipedia.org/wiki/List_of_S%26P_500_companies#Selected_changes_to_the_list_of_S&P_500_components,2026-06-03,medium,Selected changes table; may not be complete,HP,RX
2010-04-29,CERN,Cerner,BJS,BJ Services,BJ Services acquired by Baker Hughes,Wikipedia selected changes,https://en.wikipedia.org/wiki/List_of_S%26P_500_companies#Selected_changes_to_the_list_of_S&P_500_components,2026-06-03,medium,Selected changes table; may not be complete,CERN,BJS
2010-06-28,KMX,CarMax,XTO,XTO Energy,XTO acquired by ExxonMobil,Wikipedia selected changes,https://en.wikipedia.org/wiki/List_of_S%26P_500_companies#Selected_changes_to_the_list_of_S&P_500_components,2026-06-03,medium,Selected changes table; may not be complete,KMX,XTO
2010-06-30,QEP,QEP Resources,STR,Questar,Company split and ticker changed,Wikipedia selected changes,https://en.wikipedia.org/wiki/List_of_S%26P_500_companies#Selected_changes_to_the_list_of_S&P_500_components,2026-06-03,medium,Selected changes table; may not be complete,QEP,STR
2010-07-14,CB,Chubb,MIL,Millipore,Millipore acquired by Merck KGaA,Wikipedia selected changes,https://en.wikipedia.org/wiki/List_of_S%26P_500_companies#Selected_changes_to_the_list_of_S&P_500_components,2026-06-03,medium,Selected changes table; may not be complete,CB,MIL
2010-08-26,TYC,Tyco International,SII,Smith International,Smith acquired by Schlumberger,Wikipedia selected changes,https://en.wikipedia.org/wiki/List_of_S%26P_500_companies#Selected_changes_to_the_list_of_S&P_500_components,2026-06-03,medium,Selected changes table; may not be complete,TYC,SII
2010-11-17,IR,Ingersoll-Rand,PTV,Pactiv,Pactiv acquired by Reynolds Group,Wikipedia selected changes,https://en.wikipedia.org/wiki/List_of_S%26P_500_companies#Selected_changes_to_the_list_of_S&P_500_components,2026-06-03,medium,Selected changes table; may not be complete,IR,PTV
2010-12-17,CVC,Cablevision,KG,King Pharmaceuticals,King acquired by Pfizer,Wikipedia selected changes,https://en.wikipedia.org/wiki/List_of_S%26P_500_companies#Selected_changes_to_the_list_of_S&P_500_components,2026-06-03,medium,Selected changes table; may not be complete,CVC,KG
2010-12-17,FFIV,F5 Networks,EK,Eastman Kodak,Market cap change,Wikipedia selected changes,https://en.wikipedia.org/wiki/List_of_S%26P_500_companies#Selected_changes_to_the_list_of_S&P_500_components,2026-06-03,medium,Selected changes table; may not be complete,FFIV,EK
2010-12-17,NFLX,Netflix,ODP,Office Depot,Market cap change,Wikipedia selected changes,https://en.wikipedia.org/wiki/List_of_S%26P_500_companies#Selected_changes_to_the_list_of_S&P_500_components,2026-06-03,medium,Selected changes table; may not be complete,NFLX,ODP
2010-12-17,NFX,Newfield Exploration,NYT,New York Times,Market cap change,Wikipedia selected changes,https://en.wikipedia.org/wiki/List_of_S%26P_500_companies#Selected_changes_to_the_list_of_S&P_500_components,2026-06-03,medium,Selected changes table; may not be complete,NFX,NYT
2011-01-03,MMI,Motorola Mobility,MDP,Meredith,Motorola spun off Motorola Mobility,Wikipedia selected changes,https://en.wikipedia.org/wiki/List_of_S%26P_500_companies#Selected_changes_to_the_list_of_S&P_500_components,2026-06-03,medium,Selected changes table; may not be complete,MMI,MDP
2011-02-25,JOYG,Joy Global,AYE,Allegheny Energy,Allegheny acquired by FirstEnergy,Wikipedia selected changes,https://en.wikipedia.org/wiki/List_of_S%26P_500_companies#Selected_changes_to_the_list_of_S&P_500_components,2026-06-03,medium,Selected changes table; may not be complete,JOYG,AYE
2011-02-28,COV,Covidien,MFE,McAfee,McAfee acquired by Intel,Wikipedia selected changes,https://en.wikipedia.org/wiki/List_of_S%26P_500_companies#Selected_changes_to_the_list_of_S&P_500_components,2026-06-03,medium,Selected changes table; may not be complete,COV,MFE
2011-03-31,EW,Edwards Lifesciences,Q,Qwest Communications,Qwest acquired by CenturyLink,Wikipedia selected changes,https://en.wikipedia.org/wiki/List_of_S%26P_500_companies#Selected_changes_to_the_list_of_S&P_500_components,2026-06-03,medium,Selected changes table; may not be complete,EW,Q
2011-04-01,BLK,BlackRock,GENZ,Genzyme,Genzyme acquired by Sanofi,Wikipedia selected changes,https://en.wikipedia.org/wiki/List_of_S%26P_500_companies#Selected_changes_to_the_list_of_S&P_500_components,2026-06-03,medium,Selected changes table; may not be complete,BLK,GENZ
2011-04-27,CMG,Chipotle Mexican Grill,NOVL,Novell,Novell acquired by private equity firms,Wikipedia selected changes,https://en.wikipedia.org/wiki/List_of_S%26P_500_companies#Selected_changes_to_the_list_of_S&P_500_components,2026-06-03,medium,Selected changes table; may not be complete,CMG,NOVL
2011-06-01,ANR,Alpha Natural Resources,MEE,Massey Energy,Alpha acquired Massey,Wikipedia selected changes,https://en.wikipedia.org/wiki/List_of_S%26P_500_companies#Selected_changes_to_the_list_of_S&P_500_components,2026-06-03,medium,Selected changes table; may not be complete,ANR,MEE
2011-06-30,MPC,Marathon Petroleum,RSH,RadioShack,Market capitalization adjustment,Wikipedia selected changes,https://en.wikipedia.org/wiki/List_of_S%26P_500_companies#Selected_changes_to_the_list_of_S&P_500_components,2026-06-03,medium,Selected changes table; may not be complete,MPC,RSH
2011-07-05,ACN,Accenture,MI,Marshall & Ilsley,Marshall & Ilsley acquired by Bank of Montreal,Wikipedia selected changes,https://en.wikipedia.org/wiki/List_of_S%26P_500_companies#Selected_changes_to_the_list_of_S&P_500_components,2026-06-03,medium,Selected changes table; may not be complete,ACN,MI
2011-09-23,MOS,Mosaic,NSM,National Semiconductor,National Semiconductor acquired by Texas Instruments,Wikipedia selected changes,https://en.wikipedia.org/wiki/List_of_S%26P_500_companies#Selected_changes_to_the_list_of_S&P_500_components,2026-06-03,medium,Selected changes table; may not be complete,MOS,NSM
2011-10-14,TEL,TE Connectivity,CEPH,Cephalon,Cephalon acquired by Teva,Wikipedia selected changes,https://en.wikipedia.org/wiki/List_of_S%26P_500_companies#Selected_changes_to_the_list_of_S&P_500_components,2026-06-03,medium,Selected changes table; may not be complete,TEL,CEPH
2011-10-31,XYL,Xylem,ITT,ITT,Xylem spun off from ITT,Wikipedia selected changes,https://en.wikipedia.org/wiki/List_of_S%26P_500_companies#Selected_changes_to_the_list_of_S&P_500_components,2026-06-03,medium,Selected changes table; may not be complete,XYL,ITT
2011-11-18,CBE,Cooper Industries,JNS,Janus Capital Group,Market capitalization no longer representative,Wikipedia selected changes,https://en.wikipedia.org/wiki/List_of_S%26P_500_companies#Selected_changes_to_the_list_of_S&P_500_components,2026-06-03,medium,Selected changes table; may not be complete,CBE,JNS
2011-12-12,GAS,AGL Resources,GAS,Nicor Gas,Nicor acquired by AGL which retained ticker,Wikipedia selected changes,https://en.wikipedia.org/wiki/List_of_S%26P_500_companies#Selected_changes_to_the_list_of_S&P_500_components,2026-06-03,medium,Selected changes table; may not be complete,GAS,GAS
2011-12-16,BWA,BorgWarner,AKS,AK Steel,Market capitalization change,Wikipedia selected changes,https://en.wikipedia.org/wiki/List_of_S%26P_500_companies#Selected_changes_to_the_list_of_S&P_500_components,2026-06-03,medium,Selected changes table; may not be complete,BWA,AKS
2011-12-16,DLTR,Dollar Tree,WFR,MEMC Electronic Materials,Market capitalization change,Wikipedia selected changes,https://en.wikipedia.org/wiki/List_of_S%26P_500_companies#Selected_changes_to_the_list_of_S&P_500_components,2026-06-03,medium,Selected changes table; may not be complete,DLTR,WFR
2011-12-16,PRGO,Perrigo,MWW,Monster Worldwide,Market capitalization change,Wikipedia selected changes,https://en.wikipedia.org/wiki/List_of_S%26P_500_companies#Selected_changes_to_the_list_of_S&P_500_components,2026-06-03,medium,Selected changes table; may not be complete,PRGO,MWW
2011-12-20,TRIP,TripAdvisor,TLAB,Tellabs,Expedia spun off TripAdvisor,Wikipedia selected changes,https://en.wikipedia.org/wiki/List_of_S%26P_500_companies#Selected_changes_to_the_list_of_S&P_500_components,2026-06-03,medium,Selected changes table; may not be complete,TRIP,TLAB
2011-12-31,WPX,WPX Energy,CPWR,Compuware,Market capitalization change,Wikipedia selected changes,https://en.wikipedia.org/wiki/List_of_S%26P_500_companies#Selected_changes_to_the_list_of_S&P_500_components,2026-06-03,medium,Selected changes table; may not be complete,WPX,CPWR
2012-03-13,CCI,Crown Castle,CEG,Constellation Energy,Constellation acquired by Exelon,Wikipedia selected changes,https://en.wikipedia.org/wiki/List_of_S%26P_500_companies#Selected_changes_to_the_list_of_S&P_500_components,2026-06-03,medium,Selected changes table; may not be complete,CCI,CEG
2012-04-03,FOSL,Fossil,MHS,Medco Health Solutions,Medco acquired by Express Scripts,Wikipedia selected changes,https://en.wikipedia.org/wiki/List_of_S%26P_500_companies#Selected_changes_to_the_list_of_S&P_500_components,2026-06-03,medium,Selected changes table; may not be complete,FOSL,MHS
2012-04-23,PSX,Phillips 66,SVU,Supervalu,ConocoPhillips spun off Phillips 66,Wikipedia selected changes,https://en.wikipedia.org/wiki/List_of_S%26P_500_companies#Selected_changes_to_the_list_of_S&P_500_components,2026-06-03,medium,Selected changes table; may not be complete,PSX,SVU
2012-05-17,KMI,Kinder Morgan,EP,El Paso,El Paso acquired by Kinder Morgan,Wikipedia selected changes,https://en.wikipedia.org/wiki/List_of_S%26P_500_companies#Selected_changes_to_the_list_of_S&P_500_components,2026-06-03,medium,Selected changes table; may not be complete,KMI,EP
2012-05-21,ALXN,Alexion Pharmaceuticals,MMI,Motorola Mobility,Motorola Mobility acquired by Google,Wikipedia selected changes,https://en.wikipedia.org/wiki/List_of_S%26P_500_companies#Selected_changes_to_the_list_of_S&P_500_components,2026-06-03,medium,Selected changes table; may not be complete,ALXN,MMI
2012-06-05,LRCX,Lam Research,NVLS,Novellus Systems,Novellus acquired by Lam Research,Wikipedia selected changes,https://en.wikipedia.org/wiki/List_of_S%26P_500_companies#Selected_changes_to_the_list_of_S&P_500_components,2026-06-03,medium,Selected changes table; may not be complete,LRCX,NVLS
2012-06-29,MNST,Monster Beverage,SLE,Sara Lee,Sara Lee split up,Wikipedia selected changes,https://en.wikipedia.org/wiki/List_of_S%26P_500_companies#Selected_changes_to_the_list_of_S&P_500_components,2026-06-03,medium,Selected changes table; may not be complete,MNST,SLE
2012-07-02,STX,Seagate Technology,PGN,Progress Energy,Progress acquired by Duke Energy,Wikipedia selected changes,https://en.wikipedia.org/wiki/List_of_S%26P_500_companies#Selected_changes_to_the_list_of_S&P_500_components,2026-06-03,medium,Selected changes table; may not be complete,STX,PGN
2012-07-31,ESV,Ensco,GR,Goodrich,Goodrich acquired by United Technologies,Wikipedia selected changes,https://en.wikipedia.org/wiki/List_of_S%26P_500_companies#Selected_changes_to_the_list_of_S&P_500_components,2026-06-03,medium,Selected changes table; may not be complete,ESV,GR
2012-09-05,LYB,LyondellBasell,SHLD,Sears Holdings,Public float threshold,Wikipedia selected changes,https://en.wikipedia.org/wiki/List_of_S%26P_500_companies#Selected_changes_to_the_list_of_S&P_500_components,2026-06-03,medium,Selected changes table; may not be complete,LYB,SHLD
2012-10-01,ADT,ADT,LXK,Lexmark,Tyco spun off ADT,Wikipedia selected changes,https://en.wikipedia.org/wiki/List_of_S%26P_500_companies#Selected_changes_to_the_list_of_S&P_500_components,2026-06-03,medium,Selected changes table; may not be complete,ADT,LXK
2012-10-01,PNR,Pentair,DV,DeVry,Tyco spin-off merged with Pentair,Wikipedia selected changes,https://en.wikipedia.org/wiki/List_of_S%26P_500_companies#Selected_changes_to_the_list_of_S&P_500_components,2026-06-03,medium,Selected changes table; may not be complete,PNR,DV
2012-10-02,KRFT,Kraft Foods,ANR,Alpha Natural Resources,Kraft split into two companies,Wikipedia selected changes,https://en.wikipedia.org/wiki/List_of_S%26P_500_companies#Selected_changes_to_the_list_of_S&P_500_components,2026-06-03,medium,Selected changes table; may not be complete,KRFT,ANR
2012-10-02,MDLZ,Mondelez,KFT,Kraft Foods,Old Kraft Foods renamed Mondelez,Wikipedia selected changes,https://en.wikipedia.org/wiki/List_of_S%26P_500_companies#Selected_changes_to_the_list_of_S&P_500_components,2026-06-03,medium,Selected changes table; may not be complete,MDLZ,KFT
2012-10-10,PETM,PetSmart,SUN,Sunoco,Sunoco acquired by Energy Transfer Partners,Wikipedia selected changes,https://en.wikipedia.org/wiki/List_of_S%26P_500_companies#Selected_changes_to_the_list_of_S&P_500_components,2026-06-03,medium,Selected changes table; may not be complete,PETM,SUN
2012-12-03,DG,Dollar General,CBE,Cooper Industries,Cooper acquired by Eaton,Wikipedia selected changes,https://en.wikipedia.org/wiki/List_of_S%26P_500_companies#Selected_changes_to_the_list_of_S&P_500_components,2026-06-03,medium,Selected changes table; may not be complete,DG,CBE
2012-12-11,GRMN,Garmin,RRD,RR Donnelley,Market capitalization change,Wikipedia selected changes,https://en.wikipedia.org/wiki/List_of_S%26P_500_companies#Selected_changes_to_the_list_of_S&P_500_components,2026-06-03,medium,Selected changes table; may not be complete,GRMN,RRD
2012-12-21,DLPH,Delphi Automotive,TIE,Titanium Metals,Titanium Metals acquired by Precision Cast Parts,Wikipedia selected changes,https://en.wikipedia.org/wiki/List_of_S%26P_500_companies#Selected_changes_to_the_list_of_S&P_500_components,2026-06-03,medium,Selected changes table; may not be complete,DLPH,TIE
2013-01-02,ABBV,AbbVie,FII,Federated Investors,AbbVie spun off from Abbott Labs,Wikipedia selected changes,https://en.wikipedia.org/wiki/List_of_S%26P_500_companies#Selected_changes_to_the_list_of_S&P_500_components,2026-06-03,medium,Selected changes table; may not be complete,ABBV,FII
2013-02-15,PVH,PVH,BIG,Big Lots,Market capitalization change,Wikipedia selected changes,https://en.wikipedia.org/wiki/List_of_S%26P_500_companies#Selected_changes_to_the_list_of_S&P_500_components,2026-06-03,medium,Selected changes table; may not be complete,PVH,BIG
2013-04-30,REGN,Regeneron Pharmaceuticals,PCS,MetroPCS,MetroPCS acquired by T-Mobile,Wikipedia selected changes,https://en.wikipedia.org/wiki/List_of_S%26P_500_companies#Selected_changes_to_the_list_of_S&P_500_components,2026-06-03,medium,Selected changes table; may not be complete,REGN,PCS
2013-05-08,MAC,Macerich,CVH,Coventry Health Care,Coventry acquired by Aetna,Wikipedia selected changes,https://en.wikipedia.org/wiki/List_of_S%26P_500_companies#Selected_changes_to_the_list_of_S&P_500_components,2026-06-03,medium,Selected changes table; may not be complete,MAC,CVH
2013-05-23,KSU,Kansas City Southern,DF,Dean Foods,Dean Foods too small after spinoff,Wikipedia selected changes,https://en.wikipedia.org/wiki/List_of_S%26P_500_companies#Selected_changes_to_the_list_of_S&P_500_components,2026-06-03,medium,Selected changes table; may not be complete,KSU,DF
2013-06-06,GM,General Motors,HNZ,Heinz,Heinz acquired by consortium,Wikipedia selected changes,https://en.wikipedia.org/wiki/List_of_S%26P_500_companies#Selected_changes_to_the_list_of_S&P_500_components,2026-06-03,medium,Selected changes table; may not be complete,GM,HNZ
2013-06-21,ZTS,Zoetis,FHN,First Horizon,Zoetis spun off by Pfizer,Wikipedia selected changes,https://en.wikipedia.org/wiki/List_of_S%26P_500_companies#Selected_changes_to_the_list_of_S&P_500_components,2026-06-03,medium,Selected changes table; may not be complete,ZTS,FHN
2013-07-01,NWSA,21st Century Fox,APOL,Apollo Education Group,Market capitalization change,Wikipedia selected changes,https://en.wikipedia.org/wiki/List_of_S%26P_500_companies#Selected_changes_to_the_list_of_S&P_500_components,2026-06-03,medium,Selected changes table; may not be complete,NWSA,APOL
2013-07-08,NLSN,Nielsen Holdings,S,Sprint Nextel,Public float below threshold,Wikipedia selected changes,https://en.wikipedia.org/wiki/List_of_S%26P_500_companies#Selected_changes_to_the_list_of_S&P_500_components,2026-06-03,medium,Selected changes table; may not be complete,NLSN,S
2013-09-10,DAL,Delta Air Lines,BMC,BMC Software,BMC taken private,Wikipedia selected changes,https://en.wikipedia.org/wiki/List_of_S%26P_500_companies#Selected_changes_to_the_list_of_S&P_500_components,2026-06-03,medium,Selected changes table; may not be complete,DAL,BMC
2013-09-20,AME,Ametek,SAI,SAIC,Market capitalization change,Wikipedia selected changes,https://en.wikipedia.org/wiki/List_of_S%26P_500_companies#Selected_changes_to_the_list_of_S&P_500_components,2026-06-03,medium,Selected changes table; may not be complete,AME,SAI
2013-09-20,VRTX,Vertex Pharmaceuticals,AMD,Advanced Micro Devices,Market capitalization change,Wikipedia selected changes,https://en.wikipedia.org/wiki/List_of_S%26P_500_companies#Selected_changes_to_the_list_of_S&P_500_components,2026-06-03,medium,Selected changes table; may not be complete,VRTX,AMD
2013-10-29,RIG,Transocean,DELL,Dell,Dell taken private,Wikipedia selected changes,https://en.wikipedia.org/wiki/List_of_S%26P_500_companies#Selected_changes_to_the_list_of_S&P_500_components,2026-06-03,medium,Selected changes table; may not be complete,RIG,DELL
2013-11-13,KORS,Michael Kors,NYX,NYSE Euronext,ICE acquired NYSE Euronext,Wikipedia selected changes,https://en.wikipedia.org/wiki/List_of_S%26P_500_companies#Selected_changes_to_the_list_of_S&P_500_components,2026-06-03,medium,Selected changes table; may not be complete,KORS,NYX
2013-12-02,ALLE,Allegion,JCP,JCPenney,Allegion spun off by Ingersoll Rand,Wikipedia selected changes,https://en.wikipedia.org/wiki/List_of_S%26P_500_companies#Selected_changes_to_the_list_of_S&P_500_components,2026-06-03,medium,Selected changes table; may not be complete,ALLE,JCP
2013-12-10,GGP,General Growth Properties,MOLX,Molex,Molex acquired by Koch Industries,Wikipedia selected changes,https://en.wikipedia.org/wiki/List_of_S%26P_500_companies#Selected_changes_to_the_list_of_S&P_500_components,2026-06-03,medium,Selected changes table; may not be complete,GGP,MOLX
2013-12-23,ADS,Alliance Data Systems,ANF,Abercrombie & Fitch,Market capitalization change,Wikipedia selected changes,https://en.wikipedia.org/wiki/List_of_S%26P_500_companies#Selected_changes_to_the_list_of_S&P_500_components,2026-06-03,medium,Selected changes table; may not be complete,ADS,ANF
2013-12-23,FB,Facebook,TER,Teradyne,Market capitalization change,Wikipedia selected changes,https://en.wikipedia.org/wiki/List_of_S%26P_500_companies#Selected_changes_to_the_list_of_S&P_500_components,2026-06-03,medium,Selected changes table; may not be complete,FB,TER
2013-12-23,MHK,Mohawk Industries,JDSU,JDS Uniphase,Market capitalization change,Wikipedia selected changes,https://en.wikipedia.org/wiki/List_of_S%26P_500_companies#Selected_changes_to_the_list_of_S&P_500_components,2026-06-03,medium,Selected changes table; may not be complete,MHK,JDSU
2014-01-24,TSCO,Tractor Supply,LIFE,Life Technologies,Life Technologies acquired by Thermo Fisher,Wikipedia selected changes,https://en.wikipedia.org/wiki/List_of_S%26P_500_companies#Selected_changes_to_the_list_of_S&P_500_components,2026-06-03,medium,Selected changes table; may not be complete,TSCO,LIFE
2014-03-21,GMCR,Keurig Green Mountain,WPX,WPX Energy,Market capitalization change,Wikipedia selected changes,https://en.wikipedia.org/wiki/List_of_S%26P_500_companies#Selected_changes_to_the_list_of_S&P_500_components,2026-06-03,medium,Selected changes table; may not be complete,GMCR,WPX
2014-04-02,ESS,Essex Property Trust,CLF,Cliffs Natural Resources,Market capitalization change,Wikipedia selected changes,https://en.wikipedia.org/wiki/List_of_S%26P_500_companies#Selected_changes_to_the_list_of_S&P_500_components,2026-06-03,medium,Selected changes table; may not be complete,ESS,CLF
2014-04-03,GOOGL,Google,,,Google Class C share distribution,Wikipedia selected changes,https://en.wikipedia.org/wiki/List_of_S%26P_500_companies#Selected_changes_to_the_list_of_S&P_500_components,2026-06-03,medium,Selected changes table; may not be complete,GOOGL,
2014-05-01,NAVI,Navient,SLM,SLM Corporation,Navient spun off from SLM,Wikipedia selected changes,https://en.wikipedia.org/wiki/List_of_S%26P_500_companies#Selected_changes_to_the_list_of_S&P_500_components,2026-06-03,medium,Selected changes table; may not be complete,NAVI,SLM
2014-05-01,UA,Under Armour,BEAM,Beam,Beam acquired by Suntory,Wikipedia selected changes,https://en.wikipedia.org/wiki/List_of_S%26P_500_companies#Selected_changes_to_the_list_of_S&P_500_components,2026-06-03,medium,Selected changes table; may not be complete,UA,BEAM
2014-05-08,AVGO,Avago Technologies,LSI,LSI Corporation,Avago acquired LSI,Wikipedia selected changes,https://en.wikipedia.org/wiki/List_of_S%26P_500_companies#Selected_changes_to_the_list_of_S&P_500_components,2026-06-03,medium,Selected changes table; may not be complete,AVGO,LSI
2014-06-20,XEC,Cimarex Energy,IGT,International Game Technology,Market capitalization change,Wikipedia selected changes,https://en.wikipedia.org/wiki/List_of_S%26P_500_companies#Selected_changes_to_the_list_of_S&P_500_components,2026-06-03,medium,Selected changes table; may not be complete,XEC,IGT
2014-07-01,AMG,Affiliated Managers Group,FRX,Forest Laboratories,Actavis acquired Forest Laboratories,Wikipedia selected changes,https://en.wikipedia.org/wiki/List_of_S%26P_500_companies#Selected_changes_to_the_list_of_S&P_500_components,2026-06-03,medium,Selected changes table; may not be complete,AMG,FRX
2014-07-02,MLM,Martin Marietta,X,United States Steel,Market capitalization change,Wikipedia selected changes,https://en.wikipedia.org/wiki/List_of_S%26P_500_companies#Selected_changes_to_the_list_of_S&P_500_components,2026-06-03,medium,Selected changes table; may not be complete,MLM,X
2014-08-06,DISCK,Discovery Communications,,,Class C share distribution,Wikipedia selected changes,https://en.wikipedia.org/wiki/List_of_S%26P_500_companies#Selected_changes_to_the_list_of_S&P_500_components,2026-06-03,medium,Selected changes table; may not be complete,DISCK,
2014-08-18,MNK,Mallinckrodt,RDC,Rowan Companies,Market capitalization change,Wikipedia selected changes,https://en.wikipedia.org/wiki/List_of_S%26P_500_companies#Selected_changes_to_the_list_of_S&P_500_components,2026-06-03,medium,Selected changes table; may not be complete,MNK,RDC
2014-09-20,UHS,Universal Health Services,GHC,Graham Holdings,Market capitalization change,Wikipedia selected changes,https://en.wikipedia.org/wiki/List_of_S%26P_500_companies#Selected_changes_to_the_list_of_S&P_500_components,2026-06-03,medium,Selected changes table; may not be complete,UHS,GHC
2014-09-20,URI,United Rentals,BTU,Peabody Energy,Market capitalization change,Wikipedia selected changes,https://en.wikipedia.org/wiki/List_of_S%26P_500_companies#Selected_changes_to_the_list_of_S&P_500_components,2026-06-03,medium,Selected changes table; may not be complete,URI,BTU
2014-11-05,LVLT,Level 3 Communications,JBL,Jabil Circuit,Market capitalization change,Wikipedia selected changes,https://en.wikipedia.org/wiki/List_of_S%26P_500_companies#Selected_changes_to_the_list_of_S&P_500_components,2026-06-03,medium,Selected changes table; may not be complete,LVLT,JBL
2014-12-05,RCL,Royal Caribbean Cruises,BMS,Bemis Company,Market capitalization change,Wikipedia selected changes,https://en.wikipedia.org/wiki/List_of_S%26P_500_companies#Selected_changes_to_the_list_of_S&P_500_components,2026-06-03,medium,Selected changes table; may not be complete,RCL,BMS
2015-01-27,ENDP,Endo International,COV,Covidien,Covidien acquired by Medtronic,Wikipedia selected changes,https://en.wikipedia.org/wiki/List_of_S%26P_500_companies#Selected_changes_to_the_list_of_S&P_500_components,2026-06-03,medium,Selected changes table; may not be complete,ENDP,COV
2015-01-27,HCA,HCA Holdings,SWY,Safeway,Safeway acquired by private equity consortium,Wikipedia selected changes,https://en.wikipedia.org/wiki/List_of_S%26P_500_companies#Selected_changes_to_the_list_of_S&P_500_components,2026-06-03,medium,Selected changes table; may not be complete,HCA,SWY
2015-03-12,SWKS,Skyworks,PETM,PetSmart,PetSmart acquired by private equity consortium,Wikipedia selected changes,https://en.wikipedia.org/wiki/List_of_S%26P_500_companies#Selected_changes_to_the_list_of_S&P_500_components,2026-06-03,medium,Selected changes table; may not be complete,SWKS,PETM
2015-03-18,HSIC,Henry Schein,CFN,Carefusion,Carefusion acquired by Becton Dickinson,Wikipedia selected changes,https://en.wikipedia.org/wiki/List_of_S%26P_500_companies#Selected_changes_to_the_list_of_S&P_500_components,2026-06-03,medium,Selected changes table; may not be complete,HSIC,CFN
2015-03-23,AAL,American Airlines Group,AGN,Allergan,Allergan acquired by Actavis,Wikipedia selected changes,https://en.wikipedia.org/wiki/List_of_S%26P_500_companies#Selected_changes_to_the_list_of_S&P_500_components,2026-06-03,medium,Selected changes table; may not be complete,AAL,AGN
2015-03-23,EQIX,Equinix,DNR,Denbury Resources,Market capitalization change,Wikipedia selected changes,https://en.wikipedia.org/wiki/List_of_S%26P_500_companies#Selected_changes_to_the_list_of_S&P_500_components,2026-06-03,medium,Selected changes table; may not be complete,EQIX,DNR
2015-03-23,HBI,Hanesbrands,AVP,Avon Products,Market capitalization change,Wikipedia selected changes,https://en.wikipedia.org/wiki/List_of_S%26P_500_companies#Selected_changes_to_the_list_of_S&P_500_components,2026-06-03,medium,Selected changes table; may not be complete,HBI,AVP
2015-03-23,SLG,SL Green Realty,NBR,Nabors Industries,Market capitalization change,Wikipedia selected changes,https://en.wikipedia.org/wiki/List_of_S%26P_500_companies#Selected_changes_to_the_list_of_S&P_500_components,2026-06-03,medium,Selected changes table; may not be complete,SLG,NBR
2015-04-07,O,Realty Income,WIN,Windstream Communications,Market capitalization change,Wikipedia selected changes,https://en.wikipedia.org/wiki/List_of_S%26P_500_companies#Selected_changes_to_the_list_of_S&P_500_components,2026-06-03,medium,Selected changes table; may not be complete,O,WIN
2015-06-11,QRVO,Qorvo,LO,Lorillard,Lorillard acquired,Wikipedia selected changes,https://en.wikipedia.org/wiki/List_of_S%26P_500_companies#Selected_changes_to_the_list_of_S&P_500_components,2026-06-03,medium,Selected changes table; may not be complete,QRVO,LO
2015-07-01,BXLT,Baxalta,QEP,QEP Resources,Baxalta spun off by Baxter,Wikipedia selected changes,https://en.wikipedia.org/wiki/List_of_S%26P_500_companies#Selected_changes_to_the_list_of_S&P_500_components,2026-06-03,medium,Selected changes table; may not be complete,BXLT,QEP
2015-07-01,JBHT,J.B. Hunt,TEG,Integrys Energy Group,Integrys taken over,Wikipedia selected changes,https://en.wikipedia.org/wiki/List_of_S%26P_500_companies#Selected_changes_to_the_list_of_S&P_500_components,2026-06-03,medium,Selected changes table; may not be complete,JBHT,TEG
2015-07-02,CPGX,Columbia Pipeline Group,ATI,Allegheny Technologies,Spin off of Columbia Pipeline,Wikipedia selected changes,https://en.wikipedia.org/wiki/List_of_S%26P_500_companies#Selected_changes_to_the_list_of_S&P_500_components,2026-06-03,medium,Selected changes table; may not be complete,CPGX,ATI
2015-07-06,KHC,Kraft Heinz,KRFT,Kraft Foods,Kraft merger with Heinz,Wikipedia selected changes,https://en.wikipedia.org/wiki/List_of_S%26P_500_companies#Selected_changes_to_the_list_of_S&P_500_components,2026-06-03,medium,Selected changes table; may not be complete,KHC,KRFT
2015-07-08,AAP,Advance Auto Parts,FDO,Family Dollar,Family Dollar acquired,Wikipedia selected changes,https://en.wikipedia.org/wiki/List_of_S%26P_500_companies#Selected_changes_to_the_list_of_S&P_500_components,2026-06-03,medium,Selected changes table; may not be complete,AAP,FDO
2015-07-20,PYPL,PayPal,NE,Noble Corporation,PayPal spun off by eBay,Wikipedia selected changes,https://en.wikipedia.org/wiki/List_of_S%26P_500_companies#Selected_changes_to_the_list_of_S&P_500_components,2026-06-03,medium,Selected changes table; may not be complete,PYPL,NE
2015-07-29,SIG,Signet Jewelers,DTV,DirecTV,DirecTV acquired by AT&T,Wikipedia selected changes,https://en.wikipedia.org/wiki/List_of_S%26P_500_companies#Selected_changes_to_the_list_of_S&P_500_components,2026-06-03,medium,Selected changes table; may not be complete,SIG,DTV
2015-08-28,ATVI,Activision Blizzard,PLL,Pall Corporation,Pall taken over,Wikipedia selected changes,https://en.wikipedia.org/wiki/List_of_S%26P_500_companies#Selected_changes_to_the_list_of_S&P_500_components,2026-06-03,medium,Selected changes table; may not be complete,ATVI,PLL
2015-09-02,UAL,United Continental Holdings,HSP,Hospira,Hospira taken over,Wikipedia selected changes,https://en.wikipedia.org/wiki/List_of_S%26P_500_companies#Selected_changes_to_the_list_of_S&P_500_components,2026-06-03,medium,Selected changes table; may not be complete,UAL,HSP
2015-09-18,CMCSK,Comcast Class K,,,Share class methodology change,Wikipedia selected changes,https://en.wikipedia.org/wiki/List_of_S%26P_500_companies#Selected_changes_to_the_list_of_S&P_500_components,2026-06-03,medium,Selected changes table; may not be complete,CMCSK,
2015-09-18,FOX,Twenty-First Century Fox,,,Share class methodology change,Wikipedia selected changes,https://en.wikipedia.org/wiki/List_of_S%26P_500_companies#Selected_changes_to_the_list_of_S&P_500_components,2026-06-03,medium,Selected changes table; may not be complete,FOX,
2015-09-18,NWS,News Corporation,,,Share class methodology change,Wikipedia selected changes,https://en.wikipedia.org/wiki/List_of_S%26P_500_companies#Selected_changes_to_the_list_of_S&P_500_components,2026-06-03,medium,Selected changes table; may not be complete,NWS,
2015-10-07,VRSK,Verisk Analytics,JOY,Joy Global,Market capitalization change,Wikipedia selected changes,https://en.wikipedia.org/wiki/List_of_S%26P_500_companies#Selected_changes_to_the_list_of_S&P_500_components,2026-06-03,medium,Selected changes table; may not be complete,VRSK,JOY
2015-11-02,HPE,Hewlett Packard Enterprise,HCBK,Hudson City Bancorp,HPQ spins off HPE,Wikipedia selected changes,https://en.wikipedia.org/wiki/List_of_S%26P_500_companies#Selected_changes_to_the_list_of_S&P_500_components,2026-06-03,medium,Selected changes table; may not be complete,HPE,HCBK
2015-11-18,SYF,Synchrony Financial,GNW,Genworth Financial,GE spinning off Synchrony Financial,Wikipedia selected changes,https://en.wikipedia.org/wiki/List_of_S%26P_500_companies#Selected_changes_to_the_list_of_S&P_500_components,2026-06-03,medium,Selected changes table; may not be complete,SYF,GNW
2015-11-19,ILMN,Illumina,SIAL,Sigma-Aldrich,Sigma-Aldrich acquired by Merck KGaA,Wikipedia selected changes,https://en.wikipedia.org/wiki/List_of_S%26P_500_companies#Selected_changes_to_the_list_of_S&P_500_components,2026-06-03,medium,Selected changes table; may not be complete,ILMN,SIAL
2015-12-01,CSRA,CSRA,CSC,Computer Sciences Corporation,CSC spins off CSRA,Wikipedia selected changes,https://en.wikipedia.org/wiki/List_of_S%26P_500_companies#Selected_changes_to_the_list_of_S&P_500_components,2026-06-03,medium,Selected changes table; may not be complete,CSRA,CSC
2015-12-15,,,CMCSK,Comcast K Corp,Shares no longer listed,Wikipedia selected changes,https://en.wikipedia.org/wiki/List_of_S%26P_500_companies#Selected_changes_to_the_list_of_S&P_500_components,2026-06-03,medium,Selected changes table; may not be complete,,CMCSK
2015-12-29,CHD,Church & Dwight,ALTR,Altera,Altera taken over by Intel,Wikipedia selected changes,https://en.wikipedia.org/wiki/List_of_S%26P_500_companies#Selected_changes_to_the_list_of_S&P_500_components,2026-06-03,medium,Selected changes table; may not be complete,CHD,ALTR
2016-01-05,WLTW,Willis Towers Watson,FOSL,Fossil Group,WSH merges with TW and renames to WLTW,Wikipedia selected changes,https://en.wikipedia.org/wiki/List_of_S%26P_500_companies#Selected_changes_to_the_list_of_S&P_500_components,2026-06-03,medium,Selected changes table; may not be complete,WLTW,FOSL
2016-01-19,EXR,Extra Space Storage,ACE,ACE Ltd,ACE acquires Chubb and retains CB ticker,Wikipedia selected changes,https://en.wikipedia.org/wiki/List_of_S%26P_500_companies#Selected_changes_to_the_list_of_S&P_500_components,2026-06-03,medium,Selected changes table; may not be complete,EXR,ACE
2016-02-01,CFG,Citizens Financial Group,PCP,Precision Castparts,Market capitalization change,Wikipedia selected changes,https://en.wikipedia.org/wiki/List_of_S%26P_500_companies#Selected_changes_to_the_list_of_S&P_500_components,2026-06-03,medium,Selected changes table; may not be complete,CFG,PCP
2016-02-01,FRT,Federal Realty Investment Trust,BRCM,Broadcom Corporation,Market capitalization change,Wikipedia selected changes,https://en.wikipedia.org/wiki/List_of_S%26P_500_companies#Selected_changes_to_the_list_of_S&P_500_components,2026-06-03,medium,Selected changes table; may not be complete,FRT,BRCM
2016-02-22,CXO,Concho Resources,PCL,Plum Creek Timber,Plum Creek taken over by Weyerhaeuser,Wikipedia selected changes,https://en.wikipedia.org/wiki/List_of_S%26P_500_companies#Selected_changes_to_the_list_of_S&P_500_components,2026-06-03,medium,Selected changes table; may not be complete,CXO,PCL
2016-03-04,AWK,American Water Works,CNX,Consol Energy,Market capitalization change,Wikipedia selected changes,https://en.wikipedia.org/wiki/List_of_S%26P_500_companies#Selected_changes_to_the_list_of_S&P_500_components,2026-06-03,medium,Selected changes table; may not be complete,AWK,CNX
2016-03-07,UDR,UDR,GMCR,Keurig Green Mountain,JAB acquired Keurig Green Mountain,Wikipedia selected changes,https://en.wikipedia.org/wiki/List_of_S%26P_500_companies#Selected_changes_to_the_list_of_S&P_500_components,2026-06-03,medium,Selected changes table; may not be complete,UDR,GMCR
2016-03-30,CNC,Centene Corporation,ESV,Ensco,Centene acquired Health Net,Wikipedia selected changes,https://en.wikipedia.org/wiki/List_of_S%26P_500_companies#Selected_changes_to_the_list_of_S&P_500_components,2026-06-03,medium,Selected changes table; may not be complete,CNC,ESV
2016-03-30,HOLX,Hologic,POM,Pepco Holdings,Exelon acquired Pepco,Wikipedia selected changes,https://en.wikipedia.org/wiki/List_of_S%26P_500_companies#Selected_changes_to_the_list_of_S&P_500_components,2026-06-03,medium,Selected changes table; may not be complete,HOLX,POM
2016-04-04,FL,Foot Locker,CAM,Cameron International,Schlumberger acquired Cameron,Wikipedia selected changes,https://en.wikipedia.org/wiki/List_of_S%26P_500_companies#Selected_changes_to_the_list_of_S&P_500_components,2026-06-03,medium,Selected changes table; may not be complete,FL,CAM
2016-04-08,UA,Under Armour Class C,,,Under Armour distribution of second class of stock,Wikipedia selected changes,https://en.wikipedia.org/wiki/List_of_S%26P_500_companies#Selected_changes_to_the_list_of_S&P_500_components,2026-06-03,medium,Selected changes table; may not be complete,UA,
2016-04-18,ULTA,Ulta Beauty,THC,Tenet Healthcare,Market capitalization change,Wikipedia selected changes,https://en.wikipedia.org/wiki/List_of_S%26P_500_companies#Selected_changes_to_the_list_of_S&P_500_components,2026-06-03,medium,Selected changes table; may not be complete,ULTA,THC
2016-04-25,GPN,Global Payments,GME,GameStop,Global Payments acquiring Heartland Payment Systems,Wikipedia selected changes,https://en.wikipedia.org/wiki/List_of_S%26P_500_companies#Selected_changes_to_the_list_of_S&P_500_components,2026-06-03,medium,Selected changes table; may not be complete,GPN,GME
2016-05-03,AYI,Acuity Brands,ADT,ADT,ADT acquired by Apollo,Wikipedia selected changes,https://en.wikipedia.org/wiki/List_of_S%26P_500_companies#Selected_changes_to_the_list_of_S&P_500_components,2026-06-03,medium,Selected changes table; may not be complete,AYI,ADT
2016-05-13,ALK,Alaska Air Group,SNDK,SanDisk,SanDisk acquired by Western Digital,Wikipedia selected changes,https://en.wikipedia.org/wiki/List_of_S%26P_500_companies#Selected_changes_to_the_list_of_S&P_500_components,2026-06-03,medium,Selected changes table; may not be complete,ALK,SNDK
2016-05-18,DLR,Digital Realty,TWC,Time Warner Cable,Time Warner Cable acquired by Charter,Wikipedia selected changes,https://en.wikipedia.org/wiki/List_of_S%26P_500_companies#Selected_changes_to_the_list_of_S&P_500_components,2026-06-03,medium,Selected changes table; may not be complete,DLR,TWC
2016-05-23,LKQ,LKQ Corporation,ARG,Airgas,Airgas acquired by Air Liquide,Wikipedia selected changes,https://en.wikipedia.org/wiki/List_of_S%26P_500_companies#Selected_changes_to_the_list_of_S&P_500_components,2026-06-03,medium,Selected changes table; may not be complete,LKQ,ARG
2016-05-31,AJG,Arthur J. Gallagher & Co.,CCE,Coca-Cola Enterprises,CCE merging with European bottlers,Wikipedia selected changes,https://en.wikipedia.org/wiki/List_of_S%26P_500_companies#Selected_changes_to_the_list_of_S&P_500_components,2026-06-03,medium,Selected changes table; may not be complete,AJG,CCE
2016-06-03,TDG,TransDigm Group,BXLT,Baxalta,Shire acquiring Baxalta,Wikipedia selected changes,https://en.wikipedia.org/wiki/List_of_S%26P_500_companies#Selected_changes_to_the_list_of_S&P_500_components,2026-06-03,medium,Selected changes table; may not be complete,TDG,BXLT
2016-06-22,FBHS,Fortune Brands Home & Security,CVC,Cablevision Systems,Cablevision acquired by Altice,Wikipedia selected changes,https://en.wikipedia.org/wiki/List_of_S%26P_500_companies#Selected_changes_to_the_list_of_S&P_500_components,2026-06-03,medium,Selected changes table; may not be complete,FBHS,CVC
2016-07-01,ALB,Albemarle Corporation,TE,TECO Energy,TECO acquired,Wikipedia selected changes,https://en.wikipedia.org/wiki/List_of_S%26P_500_companies#Selected_changes_to_the_list_of_S&P_500_components,2026-06-03,medium,Selected changes table; may not be complete,ALB,TE
2016-07-01,LNT,Alliant Energy,GAS,AGL Resources,AGL acquired by Southern,Wikipedia selected changes,https://en.wikipedia.org/wiki/List_of_S%26P_500_companies#Selected_changes_to_the_list_of_S&P_500_components,2026-06-03,medium,Selected changes table; may not be complete,LNT,GAS
2016-07-05,FTV,Fortive,CPGX,Columbia Pipeline Group,Columbia Pipeline acquired,Wikipedia selected changes,https://en.wikipedia.org/wiki/List_of_S%26P_500_companies#Selected_changes_to_the_list_of_S&P_500_components,2026-06-03,medium,Selected changes table; may not be complete,FTV,CPGX
2016-09-06,MTD,Mettler Toledo,TYC,Tyco International,Tyco acquired Johnson Controls and retained JCI ticker,Wikipedia selected changes,https://en.wikipedia.org/wiki/List_of_S%26P_500_companies#Selected_changes_to_the_list_of_S&P_500_components,2026-06-03,medium,Selected changes table; may not be complete,MTD,TYC
2016-09-08,CHTR,Charter Communications,EMC,EMC Corporation,Dell acquired EMC,Wikipedia selected changes,https://en.wikipedia.org/wiki/List_of_S%26P_500_companies#Selected_changes_to_the_list_of_S&P_500_components,2026-06-03,medium,Selected changes table; may not be complete,CHTR,EMC
2016-09-22,COO,The Cooper Companies,HOT,Starwood,Marriott acquired Starwood,Wikipedia selected changes,https://en.wikipedia.org/wiki/List_of_S%26P_500_companies#Selected_changes_to_the_list_of_S&P_500_components,2026-06-03,medium,Selected changes table; may not be complete,COO,HOT
2016-09-30,COTY,Coty,DO,Diamond Offshore Drilling,Market capitalization change,Wikipedia selected changes,https://en.wikipedia.org/wiki/List_of_S%26P_500_companies#Selected_changes_to_the_list_of_S&P_500_components,2026-06-03,medium,Selected changes table; may not be complete,COTY,DO
2016-11-01,ARNC,Arconic,AA,Alcoa,Alcoa spins off Arconic,Wikipedia selected changes,https://en.wikipedia.org/wiki/List_of_S%26P_500_companies#Selected_changes_to_the_list_of_S&P_500_components,2026-06-03,medium,Selected changes table; may not be complete,ARNC,AA
2016-12-02,EVHC,Envision Healthcare,LM,Legg Mason,Market capitalization change,Wikipedia selected changes,https://en.wikipedia.org/wiki/List_of_S%26P_500_companies#Selected_changes_to_the_list_of_S&P_500_components,2026-06-03,medium,Selected changes table; may not be complete,EVHC,LM
2016-12-02,MAA,Mid-America Apartments,OI,Owens-Illinois,Market capitalization change,Wikipedia selected changes,https://en.wikipedia.org/wiki/List_of_S%26P_500_companies#Selected_changes_to_the_list_of_S&P_500_components,2026-06-03,medium,Selected changes table; may not be complete,MAA,OI
2017-01-05,IDXX,Idexx Laboratories,STJ,St Jude Medical,Abbott acquired St Jude Medical,Wikipedia selected changes,https://en.wikipedia.org/wiki/List_of_S%26P_500_companies#Selected_changes_to_the_list_of_S&P_500_components,2026-06-03,medium,Selected changes table; may not be complete,IDXX,STJ
2017-02-28,INCY,Incyte,SE,Spectra Energy,Spectra acquired,Wikipedia selected changes,https://en.wikipedia.org/wiki/List_of_S%26P_500_companies#Selected_changes_to_the_list_of_S&P_500_components,2026-06-03,medium,Selected changes table; may not be complete,INCY,SE
2017-03-01,CBOE,Cboe Holdings,PBI,Pitney Bowes,CBOE acquired BATS,Wikipedia selected changes,https://en.wikipedia.org/wiki/List_of_S%26P_500_companies#Selected_changes_to_the_list_of_S&P_500_components,2026-06-03,medium,Selected changes table; may not be complete,CBOE,PBI
2017-03-02,REG,Regency Centers,ENDP,Endo International,Regency acquires Equity One,Wikipedia selected changes,https://en.wikipedia.org/wiki/List_of_S%26P_500_companies#Selected_changes_to_the_list_of_S&P_500_components,2026-06-03,medium,Selected changes table; may not be complete,REG,ENDP
2017-03-13,DISH,Dish Network,LLTC,Linear Technology,Analog Devices acquired Linear Technology,Wikipedia selected changes,https://en.wikipedia.org/wiki/List_of_S%26P_500_companies#Selected_changes_to_the_list_of_S&P_500_components,2026-06-03,medium,Selected changes table; may not be complete,DISH,LLTC
2017-03-16,SNPS,Synopsys,HAR,Harman International,Samsung acquired Harman,Wikipedia selected changes,https://en.wikipedia.org/wiki/List_of_S%26P_500_companies#Selected_changes_to_the_list_of_S&P_500_components,2026-06-03,medium,Selected changes table; may not be complete,SNPS,HAR
2017-03-20,AMD,Advanced Micro Devices,URBN,Urban Outfitters,Market capitalization change,Wikipedia selected changes,https://en.wikipedia.org/wiki/List_of_S%26P_500_companies#Selected_changes_to_the_list_of_S&P_500_components,2026-06-03,medium,Selected changes table; may not be complete,AMD,URBN
2017-03-20,ARE,Alexandria Real Estate Equities,FSLR,First Solar,Market capitalization change,Wikipedia selected changes,https://en.wikipedia.org/wiki/List_of_S%26P_500_companies#Selected_changes_to_the_list_of_S&P_500_components,2026-06-03,medium,Selected changes table; may not be complete,ARE,FSLR
2017-03-20,RJF,Raymond James Financial,FTR,Frontier Communications,Market capitalization change,Wikipedia selected changes,https://en.wikipedia.org/wiki/List_of_S%26P_500_companies#Selected_changes_to_the_list_of_S&P_500_components,2026-06-03,medium,Selected changes table; may not be complete,RJF,FTR
2017-04-04,DXC,DXC Technology,SWN,Southwestern Energy,HPE spin and CSC merger formed DXC,Wikipedia selected changes,https://en.wikipedia.org/wiki/List_of_S%26P_500_companies#Selected_changes_to_the_list_of_S&P_500_components,2026-06-03,medium,Selected changes table; may not be complete,DXC,SWN
2017-04-05,IT,Gartner,DNB,Dun & Bradstreet,Gartner acquiring CEB,Wikipedia selected changes,https://en.wikipedia.org/wiki/List_of_S%26P_500_companies#Selected_changes_to_the_list_of_S&P_500_components,2026-06-03,medium,Selected changes table; may not be complete,IT,DNB
2017-06-02,INFO,IHS Markit,TGNA,Tegna,Tegna spins off Cars.com,Wikipedia selected changes,https://en.wikipedia.org/wiki/List_of_S%26P_500_companies#Selected_changes_to_the_list_of_S&P_500_components,2026-06-03,medium,Selected changes table; may not be complete,INFO,TGNA
2017-06-19,ALGN,Align Technology,TDC,Teradata,Market capitalization change,Wikipedia selected changes,https://en.wikipedia.org/wiki/List_of_S%26P_500_companies#Selected_changes_to_the_list_of_S&P_500_components,2026-06-03,medium,Selected changes table; may not be complete,ALGN,TDC
2017-06-19,ANSS,Ansys,R,Ryder System,Market capitalization change,Wikipedia selected changes,https://en.wikipedia.org/wiki/List_of_S%26P_500_companies#Selected_changes_to_the_list_of_S&P_500_components,2026-06-03,medium,Selected changes table; may not be complete,ANSS,R
2017-06-19,HLT,Hilton,YHOO,Yahoo!,Yahoo operations acquired by Verizon,Wikipedia selected changes,https://en.wikipedia.org/wiki/List_of_S%26P_500_companies#Selected_changes_to_the_list_of_S&P_500_components,2026-06-03,medium,Selected changes table; may not be complete,HLT,YHOO
2017-06-19,RE,Everest Re,MJN,Mead Johnson,Mead Johnson acquired by Reckitt Benckiser,Wikipedia selected changes,https://en.wikipedia.org/wiki/List_of_S%26P_500_companies#Selected_changes_to_the_list_of_S&P_500_components,2026-06-03,medium,Selected changes table; may not be complete,RE,MJN
2017-07-07,BKR,Baker Hughes,BHI,Baker Hughes,Baker Hughes merged with GE Oil & Gas,Wikipedia selected changes,https://en.wikipedia.org/wiki/List_of_S%26P_500_companies#Selected_changes_to_the_list_of_S&P_500_components,2026-06-03,medium,Selected changes table; may not be complete,BKR,BHI
2017-07-26,AOS,A. O. Smith,BBBY,Bed Bath & Beyond,Market capitalization change,Wikipedia selected changes,https://en.wikipedia.org/wiki/List_of_S%26P_500_companies#Selected_changes_to_the_list_of_S&P_500_components,2026-06-03,medium,Selected changes table; may not be complete,AOS,BBBY
2017-07-26,DRE,Duke Realty,RIG,Transocean,Market capitalization change,Wikipedia selected changes,https://en.wikipedia.org/wiki/List_of_S%26P_500_companies#Selected_changes_to_the_list_of_S&P_500_components,2026-06-03,medium,Selected changes table; may not be complete,DRE,RIG
2017-07-26,MGM,MGM Resorts International,RAI,Reynolds American,British American Tobacco acquired Reynolds,Wikipedia selected changes,https://en.wikipedia.org/wiki/List_of_S%26P_500_companies#Selected_changes_to_the_list_of_S&P_500_components,2026-06-03,medium,Selected changes table; may not be complete,MGM,RAI
2017-07-26,PKG,Packaging Corporation of America,MUR,Murphy Oil,Market capitalization change,Wikipedia selected changes,https://en.wikipedia.org/wiki/List_of_S%26P_500_companies#Selected_changes_to_the_list_of_S&P_500_components,2026-06-03,medium,Selected changes table; may not be complete,PKG,MUR
2017-07-26,RMD,ResMed,MNK,Mallinckrodt,Market capitalization change,Wikipedia selected changes,https://en.wikipedia.org/wiki/List_of_S%26P_500_companies#Selected_changes_to_the_list_of_S&P_500_components,2026-06-03,medium,Selected changes table; may not be complete,RMD,MNK
2017-08-08,BHF,Brighthouse Financial,AN,AutoNation,MetLife spun off Brighthouse,Wikipedia selected changes,https://en.wikipedia.org/wiki/List_of_S%26P_500_companies#Selected_changes_to_the_list_of_S&P_500_components,2026-06-03,medium,Selected changes table; may not be complete,BHF,AN
2017-08-29,Q,QuintilesIMS,WFM,Whole Foods Market,Amazon acquired Whole Foods,Wikipedia selected changes,https://en.wikipedia.org/wiki/List_of_S%26P_500_companies#Selected_changes_to_the_list_of_S&P_500_components,2026-06-03,medium,Selected changes table; may not be complete,Q,WFM
2017-09-01,DWDP,DuPont,DOW,Dow Chemical,Dow Chemical renamed to DowDuPont,Wikipedia selected changes,https://en.wikipedia.org/wiki/List_of_S%26P_500_companies#Selected_changes_to_the_list_of_S&P_500_components,2026-06-03,medium,Selected changes table; may not be complete,DWDP,DOW
2017-09-01,SBAC,SBA Communications,DD,DuPont,Dow Chemical acquired DuPont,Wikipedia selected changes,https://en.wikipedia.org/wiki/List_of_S%26P_500_companies#Selected_changes_to_the_list_of_S&P_500_components,2026-06-03,medium,Selected changes table; may not be complete,SBAC,DD
2017-09-18,CDNS,Cadence Design Systems,SPLS,Staples,Staples acquired by Sycamore Partners,Wikipedia selected changes,https://en.wikipedia.org/wiki/List_of_S%26P_500_companies#Selected_changes_to_the_list_of_S&P_500_components,2026-06-03,medium,Selected changes table; may not be complete,CDNS,SPLS
2017-10-13,NCLH,Norwegian Cruise Line Holdings,LVLT,Level 3 Communications,CenturyLink acquired Level 3,Wikipedia selected changes,https://en.wikipedia.org/wiki/List_of_S%26P_500_companies#Selected_changes_to_the_list_of_S&P_500_components,2026-06-03,medium,Selected changes table; may not be complete,NCLH,LVLT
2018-01-03,HII,Huntington Ingalls Industries,BCR,CR Bard,Becton Dickinson acquired CR Bard,Wikipedia selected changes,https://en.wikipedia.org/wiki/List_of_S%26P_500_companies#Selected_changes_to_the_list_of_S&P_500_components,2026-06-03,medium,Selected changes table; may not be complete,HII,BCR
2018-03-07,IPGP,IPG Photonics,SNI,Scripps Networks Interactive,Discovery acquired Scripps Networks,Wikipedia selected changes,https://en.wikipedia.org/wiki/List_of_S%26P_500_companies#Selected_changes_to_the_list_of_S&P_500_components,2026-06-03,medium,Selected changes table; may not be complete,IPGP,SNI
2018-03-19,NKTR,Nektar Therapeutics,CHK,Chesapeake Energy,Market capitalization change,Wikipedia selected changes,https://en.wikipedia.org/wiki/List_of_S%26P_500_companies#Selected_changes_to_the_list_of_S&P_500_components,2026-06-03,medium,Selected changes table; may not be complete,NKTR,CHK
2018-03-19,SIVB,SVB Financial Group,PDCO,Patterson Companies,Market capitalization change,Wikipedia selected changes,https://en.wikipedia.org/wiki/List_of_S%26P_500_companies#Selected_changes_to_the_list_of_S&P_500_components,2026-06-03,medium,Selected changes table; may not be complete,SIVB,PDCO
2018-03-19,TTWO,Take-Two Interactive,SIG,Signet Jewelers,Market capitalization change,Wikipedia selected changes,https://en.wikipedia.org/wiki/List_of_S%26P_500_companies#Selected_changes_to_the_list_of_S&P_500_components,2026-06-03,medium,Selected changes table; may not be complete,TTWO,SIG
2018-04-04,MSCI,MSCI,CSRA,CSRA,General Dynamics acquired CSRA,Wikipedia selected changes,https://en.wikipedia.org/wiki/List_of_S%26P_500_companies#Selected_changes_to_the_list_of_S&P_500_components,2026-06-03,medium,Selected changes table; may not be complete,MSCI,CSRA
2018-05-31,ABMD,Abiomed,WYN,Wyndham Worldwide,Wyndham Worldwide spun off Wyndham Hotels,Wikipedia selected changes,https://en.wikipedia.org/wiki/List_of_S%26P_500_companies#Selected_changes_to_the_list_of_S&P_500_components,2026-06-03,medium,Selected changes table; may not be complete,ABMD,WYN
2018-06-05,EVRG,Evergy,NAVI,Navient,Westar acquired Great Plains and became Evergy,Wikipedia selected changes,https://en.wikipedia.org/wiki/List_of_S%26P_500_companies#Selected_changes_to_the_list_of_S&P_500_components,2026-06-03,medium,Selected changes table; may not be complete,EVRG,NAVI
2018-06-07,TWTR,Twitter,MON,Monsanto,Bayer acquired Monsanto,Wikipedia selected changes,https://en.wikipedia.org/wiki/List_of_S%26P_500_companies#Selected_changes_to_the_list_of_S&P_500_components,2026-06-03,medium,Selected changes table; may not be complete,TWTR,MON
2018-06-18,BR,Broadridge Financial Solutions,RRC,Range Resources,Market capitalization change,Wikipedia selected changes,https://en.wikipedia.org/wiki/List_of_S%26P_500_companies#Selected_changes_to_the_list_of_S&P_500_components,2026-06-03,medium,Selected changes table; may not be complete,BR,RRC
2018-06-18,HFC,HollyFrontier,AYI,Acuity Brands,Market capitalization change,Wikipedia selected changes,https://en.wikipedia.org/wiki/List_of_S%26P_500_companies#Selected_changes_to_the_list_of_S&P_500_components,2026-06-03,medium,Selected changes table; may not be complete,HFC,AYI
2018-06-20,FLT,FleetCor Technologies,TWX,Time Warner,AT&T acquired Time Warner,Wikipedia selected changes,https://en.wikipedia.org/wiki/List_of_S%26P_500_companies#Selected_changes_to_the_list_of_S&P_500_components,2026-06-03,medium,Selected changes table; may not be complete,FLT,TWX
2018-07-02,CPRT,Copart,DPS,Dr Pepper Snapple,DPS acquired by Keurig Green Mountain,Wikipedia selected changes,https://en.wikipedia.org/wiki/List_of_S%26P_500_companies#Selected_changes_to_the_list_of_S&P_500_components,2026-06-03,medium,Selected changes table; may not be complete,CPRT,DPS
2018-08-28,ANET,Arista Networks,GGP,GGP,GGP acquired by Brookfield Property Partners,Wikipedia selected changes,https://en.wikipedia.org/wiki/List_of_S%26P_500_companies#Selected_changes_to_the_list_of_S&P_500_components,2026-06-03,medium,Selected changes table; may not be complete,ANET,GGP
2018-09-14,WCG,WellCare,XL,XL Group,XL acquired by AXA,Wikipedia selected changes,https://en.wikipedia.org/wiki/List_of_S%26P_500_companies#Selected_changes_to_the_list_of_S&P_500_components,2026-06-03,medium,Selected changes table; may not be complete,WCG,XL
2018-10-01,ROL,Rollins,ANDV,Andeavor,Andeavor acquired by Marathon Petroleum,Wikipedia selected changes,https://en.wikipedia.org/wiki/List_of_S%26P_500_companies#Selected_changes_to_the_list_of_S&P_500_components,2026-06-03,medium,Selected changes table; may not be complete,ROL,ANDV
2018-10-11,FTNT,Fortinet,EVHC,Envision Healthcare,EVHC acquired by KKR,Wikipedia selected changes,https://en.wikipedia.org/wiki/List_of_S%26P_500_companies#Selected_changes_to_the_list_of_S&P_500_components,2026-06-03,medium,Selected changes table; may not be complete,FTNT,EVHC
2018-11-06,KEYS,Keysight,CA,CA Technologies,CA acquired by Broadcom,Wikipedia selected changes,https://en.wikipedia.org/wiki/List_of_S%26P_500_companies#Selected_changes_to_the_list_of_S&P_500_components,2026-06-03,medium,Selected changes table; may not be complete,KEYS,CA
2018-11-13,JKHY,Jack Henry & Associates,EQT,EQT Corporation,EQT spun off ETRN,Wikipedia selected changes,https://en.wikipedia.org/wiki/List_of_S%26P_500_companies#Selected_changes_to_the_list_of_S&P_500_components,2026-06-03,medium,Selected changes table; may not be complete,JKHY,EQT
2018-12-03,FANG,Diamondback Energy,SRCL,Stericycle,Market capitalization change,Wikipedia selected changes,https://en.wikipedia.org/wiki/List_of_S%26P_500_companies#Selected_changes_to_the_list_of_S&P_500_components,2026-06-03,medium,Selected changes table; may not be complete,FANG,SRCL
2018-12-03,LW,Lamb Weston,COL,Rockwell Collins,UTX acquired Rockwell Collins,Wikipedia selected changes,https://en.wikipedia.org/wiki/List_of_S%26P_500_companies#Selected_changes_to_the_list_of_S&P_500_components,2026-06-03,medium,Selected changes table; may not be complete,LW,COL
2018-12-03,MXIM,Maxim Integrated,AET,Aetna,CVS acquired Aetna,Wikipedia selected changes,https://en.wikipedia.org/wiki/List_of_S%26P_500_companies#Selected_changes_to_the_list_of_S&P_500_components,2026-06-03,medium,Selected changes table; may not be complete,MXIM,AET
2018-12-24,CE,Celanese,ESRX,Express Scripts,Cigna acquired Express Scripts,Wikipedia selected changes,https://en.wikipedia.org/wiki/List_of_S%26P_500_companies#Selected_changes_to_the_list_of_S&P_500_components,2026-06-03,medium,Selected changes table; may not be complete,CE,ESRX
2019-01-02,FRC,First Republic Bank,SCG,SCANA,Dominion Energy acquired SCANA,Wikipedia selected changes,https://en.wikipedia.org/wiki/List_of_S%26P_500_companies#Selected_changes_to_the_list_of_S&P_500_components,2026-06-03,medium,Selected changes table; may not be complete,FRC,SCG
2019-01-18,TFX,Teleflex,PCG,Pacific Gas & Electric,PCG filed for bankruptcy,Wikipedia selected changes,https://en.wikipedia.org/wiki/List_of_S%26P_500_companies#Selected_changes_to_the_list_of_S&P_500_components,2026-06-03,medium,Selected changes table; may not be complete,TFX,PCG
2019-02-15,ATO,Atmos Energy,NFX,Newfield Exploration,Newfield acquired,Wikipedia selected changes,https://en.wikipedia.org/wiki/List_of_S%26P_500_companies#Selected_changes_to_the_list_of_S&P_500_components,2026-06-03,medium,Selected changes table; may not be complete,ATO,NFX
2019-02-27,WAB,Wabtec,GT,Goodyear,WAB acquired GE Transportation business,Wikipedia selected changes,https://en.wikipedia.org/wiki/List_of_S%26P_500_companies#Selected_changes_to_the_list_of_S&P_500_components,2026-06-03,medium,Selected changes table; may not be complete,WAB,GT
2019-04-02,DOW,Dow,BHF,Brighthouse Financial,Dow spun off from DowDuPont,Wikipedia selected changes,https://en.wikipedia.org/wiki/List_of_S%26P_500_companies#Selected_changes_to_the_list_of_S&P_500_components,2026-06-03,medium,Selected changes table; may not be complete,DOW,BHF
2019-06-03,CTVA,Corteva,FLR,Fluor Corporation,Corteva spun off from DWDP,Wikipedia selected changes,https://en.wikipedia.org/wiki/List_of_S%26P_500_companies#Selected_changes_to_the_list_of_S&P_500_components,2026-06-03,medium,Selected changes table; may not be complete,CTVA,FLR
2019-06-03,DD,DuPont,DWDP,DuPont,DWDP changed to DD after Corteva spin-off,Wikipedia selected changes,https://en.wikipedia.org/wiki/List_of_S%26P_500_companies#Selected_changes_to_the_list_of_S&P_500_components,2026-06-03,medium,Selected changes table; may not be complete,DD,DWDP
2019-06-07,BMS,Bemis,MAT,Mattel,Pending merger of Bemis and Amcor,Wikipedia selected changes,https://en.wikipedia.org/wiki/List_of_S%26P_500_companies#Selected_changes_to_the_list_of_S&P_500_components,2026-06-03,medium,Selected changes table; may not be complete,BMS,MAT
2019-06-11,AMCR,Amcor,BMS,Bemis,Bemis changed to AMCR after merger,Wikipedia selected changes,https://en.wikipedia.org/wiki/List_of_S%26P_500_companies#Selected_changes_to_the_list_of_S&P_500_components,2026-06-03,medium,Selected changes table; may not be complete,AMCR,BMS
2019-07-01,MKTX,MarketAxess,LLL,L3 Technologies,L3 purchased by Harris,Wikipedia selected changes,https://en.wikipedia.org/wiki/List_of_S%26P_500_companies#Selected_changes_to_the_list_of_S&P_500_components,2026-06-03,medium,Selected changes table; may not be complete,MKTX,LLL
2019-07-15,TMUS,T-Mobile US,RHT,Red Hat,IBM acquired Red Hat,Wikipedia selected changes,https://en.wikipedia.org/wiki/List_of_S%26P_500_companies#Selected_changes_to_the_list_of_S&P_500_components,2026-06-03,medium,Selected changes table; may not be complete,TMUS,RHT
2019-08-09,IEX,IDEX Corporation,FL,Foot Locker,Market capitalization change,Wikipedia selected changes,https://en.wikipedia.org/wiki/List_of_S%26P_500_companies#Selected_changes_to_the_list_of_S&P_500_components,2026-06-03,medium,Selected changes table; may not be complete,IEX,FL
2019-08-09,LDOS,Leidos,APC,Anadarko Petroleum,Occidental acquired Anadarko,Wikipedia selected changes,https://en.wikipedia.org/wiki/List_of_S%26P_500_companies#Selected_changes_to_the_list_of_S&P_500_components,2026-06-03,medium,Selected changes table; may not be complete,LDOS,APC
2019-09-23,CDW,CDW Corporation,TSS,TSYS,Global Payments acquired TSYS,Wikipedia selected changes,https://en.wikipedia.org/wiki/List_of_S%26P_500_companies#Selected_changes_to_the_list_of_S&P_500_components,2026-06-03,medium,Selected changes table; may not be complete,CDW,TSS
2019-09-26,NVR,NVR,JEF,Jefferies Financial Group,JEF spun off SPB,Wikipedia selected changes,https://en.wikipedia.org/wiki/List_of_S%26P_500_companies#Selected_changes_to_the_list_of_S&P_500_components,2026-06-03,medium,Selected changes table; may not be complete,NVR,JEF
2019-10-03,LVS,Las Vegas Sands,NKTR,Nektar Therapeutics,Market capitalization change,Wikipedia selected changes,https://en.wikipedia.org/wiki/List_of_S%26P_500_companies#Selected_changes_to_the_list_of_S&P_500_components,2026-06-03,medium,Selected changes table; may not be complete,LVS,NKTR
2019-11-21,NOW,ServiceNow,CELG,Celgene,Bristol-Myers Squibb acquired Celgene,Wikipedia selected changes,https://en.wikipedia.org/wiki/List_of_S%26P_500_companies#Selected_changes_to_the_list_of_S&P_500_components,2026-06-03,medium,Selected changes table; may not be complete,NOW,CELG
2019-12-05,WRB,W. R. Berkley Corporation,VIAB,Viacom,CBS acquired Viacom to form ViacomCBS,Wikipedia selected changes,https://en.wikipedia.org/wiki/List_of_S%26P_500_companies#Selected_changes_to_the_list_of_S&P_500_components,2026-06-03,medium,Selected changes table; may not be complete,WRB,VIAB
2019-12-09,ODFL,Old Dominion Freight Line,STI,SunTrust Banks,BB&T acquired SunTrust to form Truist,Wikipedia selected changes,https://en.wikipedia.org/wiki/List_of_S%26P_500_companies#Selected_changes_to_the_list_of_S&P_500_components,2026-06-03,medium,Selected changes table; may not be complete,ODFL,STI
2019-12-23,LYV,Live Nation Entertainment,AMG,Affiliated Managers Group,Market capitalization change,Wikipedia selected changes,https://en.wikipedia.org/wiki/List_of_S%26P_500_companies#Selected_changes_to_the_list_of_S&P_500_components,2026-06-03,medium,Selected changes table; may not be complete,LYV,AMG
2019-12-23,STE,Steris,MAC,Macerich,Market capitalization change,Wikipedia selected changes,https://en.wikipedia.org/wiki/List_of_S%26P_500_companies#Selected_changes_to_the_list_of_S&P_500_components,2026-06-03,medium,Selected changes table; may not be complete,STE,MAC
2019-12-23,ZBRA,Zebra Technologies,TRIP,TripAdvisor,Market capitalization change,Wikipedia selected changes,https://en.wikipedia.org/wiki/List_of_S%26P_500_companies#Selected_changes_to_the_list_of_S&P_500_components,2026-06-03,medium,Selected changes table; may not be complete,ZBRA,TRIP
2020-01-28,PAYC,Paycom,WCG,WellCare,Centene acquired WellCare,Wikipedia selected changes,https://en.wikipedia.org/wiki/List_of_S%26P_500_companies#Selected_changes_to_the_list_of_S&P_500_components,2026-06-03,medium,Selected changes table; may not be complete,PAYC,WCG
2020-05-22,WST,West Pharmaceutical Services,HP,Helmerich & Payne,Market capitalization change,Wikipedia selected changes,https://en.wikipedia.org/wiki/List_of_S%26P_500_companies#Selected_changes_to_the_list_of_S&P_500_components,2026-06-03,medium,Selected changes table; may not be complete,WST,HP
2020-06-22,BIO,,ADS,,Ticker-level change from fja05680 sp500_changes_since_2019.csv,Public GitHub fja05680/sp500 changes,https://github.com/fja05680/sp500/blob/master/sp500_changes_since_2019.csv,2026-06-03,medium,MIT repository; compact ticker-only changes since 2019. Provenance notes in source README.,BIO,ADS
2020-06-22,TDY,,HOG,,Ticker-level change from fja05680 sp500_changes_since_2019.csv,Public GitHub fja05680/sp500 changes,https://github.com/fja05680/sp500/blob/master/sp500_changes_since_2019.csv,2026-06-03,medium,MIT repository; compact ticker-only changes since 2019. Provenance notes in source README.,TDY,HOG
2020-06-22,TYL,,JWN,,Ticker-level change from fja05680 sp500_changes_since_2019.csv,Public GitHub fja05680/sp500 changes,https://github.com/fja05680/sp500/blob/master/sp500_changes_since_2019.csv,2026-06-03,medium,MIT repository; compact ticker-only changes since 2019. Provenance notes in source README.,TYL,JWN
2020-09-18,LUMN,,CTL,,Ticker-level change from fja05680 sp500_changes_since_2019.csv,Public GitHub fja05680/sp500 changes,https://github.com/fja05680/sp500/blob/master/sp500_changes_since_2019.csv,2026-06-03,medium,MIT repository; compact ticker-only changes since 2019. Provenance notes in source README.,LUMN,CTL
2020-09-21,CTLT,,COTY,,Ticker-level change from fja05680 sp500_changes_since_2019.csv,Public GitHub fja05680/sp500 changes,https://github.com/fja05680/sp500/blob/master/sp500_changes_since_2019.csv,2026-06-03,medium,MIT repository; compact ticker-only changes since 2019. Provenance notes in source README.,CTLT,COTY
2020-09-21,ETSY,,HRB,,Ticker-level change from fja05680 sp500_changes_since_2019.csv,Public GitHub fja05680/sp500 changes,https://github.com/fja05680/sp500/blob/master/sp500_changes_since_2019.csv,2026-06-03,medium,MIT repository; compact ticker-only changes since 2019. Provenance notes in source README.,ETSY,HRB
2020-09-21,TER,,KSS,,Ticker-level change from fja05680 sp500_changes_since_2019.csv,Public GitHub fja05680/sp500 changes,https://github.com/fja05680/sp500/blob/master/sp500_changes_since_2019.csv,2026-06-03,medium,MIT repository; compact ticker-only changes since 2019. Provenance notes in source README.,TER,KSS
2020-10-07,POOL,,ETFC,,Ticker-level change from fja05680 sp500_changes_since_2019.csv,Public GitHub fja05680/sp500 changes,https://github.com/fja05680/sp500/blob/master/sp500_changes_since_2019.csv,2026-06-03,medium,MIT repository; compact ticker-only changes since 2019. Provenance notes in source README.,POOL,ETFC
2020-10-12,VNT,,NBL,,Ticker-level change from fja05680 sp500_changes_since_2019.csv,Public GitHub fja05680/sp500 changes,https://github.com/fja05680/sp500/blob/master/sp500_changes_since_2019.csv,2026-06-03,medium,MIT repository; compact ticker-only changes since 2019. Provenance notes in source README.,VNT,NBL
2020-11-17,VTRS,,MYL,,Ticker-level change from fja05680 sp500_changes_since_2019.csv,Public GitHub fja05680/sp500 changes,https://github.com/fja05680/sp500/blob/master/sp500_changes_since_2019.csv,2026-06-03,medium,MIT repository; compact ticker-only changes since 2019. Provenance notes in source README.,VTRS,MYL
2020-12-21,TSLA,,AIV,,Ticker-level change from fja05680 sp500_changes_since_2019.csv,Public GitHub fja05680/sp500 changes,https://github.com/fja05680/sp500/blob/master/sp500_changes_since_2019.csv,2026-06-03,medium,MIT repository; compact ticker-only changes since 2019. Provenance notes in source README.,TSLA,AIV
2021-01-07,ENPH,,TIF,,Ticker-level change from fja05680 sp500_changes_since_2019.csv,Public GitHub fja05680/sp500 changes,https://github.com/fja05680/sp500/blob/master/sp500_changes_since_2019.csv,2026-06-03,medium,MIT repository; compact ticker-only changes since 2019. Provenance notes in source README.,ENPH,TIF
2021-01-21,TRMB,,CXO,,Ticker-level change from fja05680 sp500_changes_since_2019.csv,Public GitHub fja05680/sp500 changes,https://github.com/fja05680/sp500/blob/master/sp500_changes_since_2019.csv,2026-06-03,medium,MIT repository; compact ticker-only changes since 2019. Provenance notes in source README.,TRMB,CXO
2021-02-12,MPWR,,FTI,,Ticker-level change from fja05680 sp500_changes_since_2019.csv,Public GitHub fja05680/sp500 changes,https://github.com/fja05680/sp500/blob/master/sp500_changes_since_2019.csv,2026-06-03,medium,MIT repository; compact ticker-only changes since 2019. Provenance notes in source README.,MPWR,FTI
2021-03-22,CZR,,VNT,,Ticker-level change from fja05680 sp500_changes_since_2019.csv,Public GitHub fja05680/sp500 changes,https://github.com/fja05680/sp500/blob/master/sp500_changes_since_2019.csv,2026-06-03,medium,MIT repository; compact ticker-only changes since 2019. Provenance notes in source README.,CZR,VNT
2021-03-22,GNRC,,XRX,,Ticker-level change from fja05680 sp500_changes_since_2019.csv,Public GitHub fja05680/sp500 changes,https://github.com/fja05680/sp500/blob/master/sp500_changes_since_2019.csv,2026-06-03,medium,MIT repository; compact ticker-only changes since 2019. Provenance notes in source README.,GNRC,XRX
2021-03-22,NXPI,,FLS,,Ticker-level change from fja05680 sp500_changes_since_2019.csv,Public GitHub fja05680/sp500 changes,https://github.com/fja05680/sp500/blob/master/sp500_changes_since_2019.csv,2026-06-03,medium,MIT repository; compact ticker-only changes since 2019. Provenance notes in source README.,NXPI,FLS
2021-03-22,PENN,,SLG,,Ticker-level change from fja05680 sp500_changes_since_2019.csv,Public GitHub fja05680/sp500 changes,https://github.com/fja05680/sp500/blob/master/sp500_changes_since_2019.csv,2026-06-03,medium,MIT repository; compact ticker-only changes since 2019. Provenance notes in source README.,PENN,SLG
2021-04-20,PTC,,VAR,,Ticker-level change from fja05680 sp500_changes_since_2019.csv,Public GitHub fja05680/sp500 changes,https://github.com/fja05680/sp500/blob/master/sp500_changes_since_2019.csv,2026-06-03,medium,MIT repository; compact ticker-only changes since 2019. Provenance notes in source README.,PTC,VAR
2021-05-14,CRL,,FLIR,,Ticker-level change from fja05680 sp500_changes_since_2019.csv,Public GitHub fja05680/sp500 changes,https://github.com/fja05680/sp500/blob/master/sp500_changes_since_2019.csv,2026-06-03,medium,MIT repository; compact ticker-only changes since 2019. Provenance notes in source README.,CRL,FLIR
2021-06-04,OGN,,HFC,,Ticker-level change from fja05680 sp500_changes_since_2019.csv,Public GitHub fja05680/sp500 changes,https://github.com/fja05680/sp500/blob/master/sp500_changes_since_2019.csv,2026-06-03,medium,MIT repository; compact ticker-only changes since 2019. Provenance notes in source README.,OGN,HFC
2021-07-21,MRNA,,ALXN,,Ticker-level change from fja05680 sp500_changes_since_2019.csv,Public GitHub fja05680/sp500 changes,https://github.com/fja05680/sp500/blob/master/sp500_changes_since_2019.csv,2026-06-03,medium,MIT repository; compact ticker-only changes since 2019. Provenance notes in source README.,MRNA,ALXN
2021-08-03,BBWI,,LB,,Ticker-level change from fja05680 sp500_changes_since_2019.csv,Public GitHub fja05680/sp500 changes,https://github.com/fja05680/sp500/blob/master/sp500_changes_since_2019.csv,2026-06-03,medium,MIT repository; compact ticker-only changes since 2019. Provenance notes in source README.,BBWI,LB
2021-08-30,TECH,,MXIM,,Ticker-level change from fja05680 sp500_changes_since_2019.csv,Public GitHub fja05680/sp500 changes,https://github.com/fja05680/sp500/blob/master/sp500_changes_since_2019.csv,2026-06-03,medium,MIT repository; compact ticker-only changes since 2019. Provenance notes in source README.,TECH,MXIM
2021-09-20,BRO,,NOV,,Ticker-level change from fja05680 sp500_changes_since_2019.csv,Public GitHub fja05680/sp500 changes,https://github.com/fja05680/sp500/blob/master/sp500_changes_since_2019.csv,2026-06-03,medium,MIT repository; compact ticker-only changes since 2019. Provenance notes in source README.,BRO,NOV
2021-09-20,CDAY,,UNM,,Ticker-level change from fja05680 sp500_changes_since_2019.csv,Public GitHub fja05680/sp500 changes,https://github.com/fja05680/sp500/blob/master/sp500_changes_since_2019.csv,2026-06-03,medium,MIT repository; compact ticker-only changes since 2019. Provenance notes in source README.,CDAY,UNM
2021-09-20,MTCH,,PRGO,,Ticker-level change from fja05680 sp500_changes_since_2019.csv,Public GitHub fja05680/sp500 changes,https://github.com/fja05680/sp500/blob/master/sp500_changes_since_2019.csv,2026-06-03,medium,MIT repository; compact ticker-only changes since 2019. Provenance notes in source README.,MTCH,PRGO
2021-10-04,CTRA,,COG,,Ticker-level change from fja05680 sp500_changes_since_2019.csv,Public GitHub fja05680/sp500 changes,https://github.com/fja05680/sp500/blob/master/sp500_changes_since_2019.csv,2026-06-03,medium,MIT repository; compact ticker-only changes since 2019. Provenance notes in source README.,CTRA,COG
2021-12-14,EPAM,,KSU,,Ticker-level change from fja05680 sp500_changes_since_2019.csv,Public GitHub fja05680/sp500 changes,https://github.com/fja05680/sp500/blob/master/sp500_changes_since_2019.csv,2026-06-03,medium,MIT repository; compact ticker-only changes since 2019. Provenance notes in source README.,EPAM,KSU
2021-12-20,FDS,,WU,,Ticker-level change from fja05680 sp500_changes_since_2019.csv,Public GitHub fja05680/sp500 changes,https://github.com/fja05680/sp500/blob/master/sp500_changes_since_2019.csv,2026-06-03,medium,MIT repository; compact ticker-only changes since 2019. Provenance notes in source README.,FDS,WU
2021-12-20,SBNY,,LEG,,Ticker-level change from fja05680 sp500_changes_since_2019.csv,Public GitHub fja05680/sp500 changes,https://github.com/fja05680/sp500/blob/master/sp500_changes_since_2019.csv,2026-06-03,medium,MIT repository; compact ticker-only changes since 2019. Provenance notes in source README.,SBNY,LEG
2021-12-20,SEDG,,HBI,,Ticker-level change from fja05680 sp500_changes_since_2019.csv,Public GitHub fja05680/sp500 changes,https://github.com/fja05680/sp500/blob/master/sp500_changes_since_2019.csv,2026-06-03,medium,MIT repository; compact ticker-only changes since 2019. Provenance notes in source README.,SEDG,HBI
2022-01-10,WTW,,WLTW,,Ticker-level change from fja05680 sp500_changes_since_2019.csv,Public GitHub fja05680/sp500 changes,https://github.com/fja05680/sp500/blob/master/sp500_changes_since_2019.csv,2026-06-03,medium,MIT repository; compact ticker-only changes since 2019. Provenance notes in source README.,WTW,WLTW
2022-02-02,CEG,,GPS,,Ticker-level change from fja05680 sp500_changes_since_2019.csv,Public GitHub fja05680/sp500 changes,https://github.com/fja05680/sp500/blob/master/sp500_changes_since_2019.csv,2026-06-03,medium,MIT repository; compact ticker-only changes since 2019. Provenance notes in source README.,CEG,GPS
2022-02-15,NDSN,,XLNX,,Ticker-level change from fja05680 sp500_changes_since_2019.csv,Public GitHub fja05680/sp500 changes,https://github.com/fja05680/sp500/blob/master/sp500_changes_since_2019.csv,2026-06-03,medium,MIT repository; compact ticker-only changes since 2019. Provenance notes in source README.,NDSN,XLNX
2022-02-17,PARA,,VIAC,,Ticker-level change from fja05680 sp500_changes_since_2019.csv,Public GitHub fja05680/sp500 changes,https://github.com/fja05680/sp500/blob/master/sp500_changes_since_2019.csv,2026-06-03,medium,MIT repository; compact ticker-only changes since 2019. Provenance notes in source README.,PARA,VIAC
2022-03-02,MOH,,INFO,,Ticker-level change from fja05680 sp500_changes_since_2019.csv,Public GitHub fja05680/sp500 changes,https://github.com/fja05680/sp500/blob/master/sp500_changes_since_2019.csv,2026-06-03,medium,MIT repository; compact ticker-only changes since 2019. Provenance notes in source README.,MOH,INFO
2022-04-04,CPT,,PBCT,,Ticker-level change from fja05680 sp500_changes_since_2019.csv,Public GitHub fja05680/sp500 changes,https://github.com/fja05680/sp500/blob/master/sp500_changes_since_2019.csv,2026-06-03,medium,MIT repository; compact ticker-only changes since 2019. Provenance notes in source README.,CPT,PBCT
2022-04-11,,,DISCK,,Ticker-level change from fja05680 sp500_changes_since_2019.csv,Public GitHub fja05680/sp500 changes,https://github.com/fja05680/sp500/blob/master/sp500_changes_since_2019.csv,2026-06-03,medium,MIT repository; compact ticker-only changes since 2019. Provenance notes in source README.,,DISCK
2022-04-11,WBD,,DISCA,,Ticker-level change from fja05680 sp500_changes_since_2019.csv,Public GitHub fja05680/sp500 changes,https://github.com/fja05680/sp500/blob/master/sp500_changes_since_2019.csv,2026-06-03,medium,MIT repository; compact ticker-only changes since 2019. Provenance notes in source README.,WBD,DISCA
2022-05-10,BALL,,BLL,,Ticker-level change from fja05680 sp500_changes_since_2019.csv,Public GitHub fja05680/sp500 changes,https://github.com/fja05680/sp500/blob/master/sp500_changes_since_2019.csv,2026-06-03,medium,MIT repository; compact ticker-only changes since 2019. Provenance notes in source README.,BALL,BLL
2022-06-08,VICI,,CERN,,Ticker-level change from fja05680 sp500_changes_since_2019.csv,Public GitHub fja05680/sp500 changes,https://github.com/fja05680/sp500/blob/master/sp500_changes_since_2019.csv,2026-06-03,medium,MIT repository; compact ticker-only changes since 2019. Provenance notes in source README.,VICI,CERN
2022-06-09,META,,FB,,Ticker-level change from fja05680 sp500_changes_since_2019.csv,Public GitHub fja05680/sp500 changes,https://github.com/fja05680/sp500/blob/master/sp500_changes_since_2019.csv,2026-06-03,medium,MIT repository; compact ticker-only changes since 2019. Provenance notes in source README.,META,FB
2022-06-21,,,UAA,,Ticker-level change from fja05680 sp500_changes_since_2019.csv,Public GitHub fja05680/sp500 changes,https://github.com/fja05680/sp500/blob/master/sp500_changes_since_2019.csv,2026-06-03,medium,MIT repository; compact ticker-only changes since 2019. Provenance notes in source README.,,UAA
2022-06-21,KDP,,UA,,Ticker-level change from fja05680 sp500_changes_since_2019.csv,Public GitHub fja05680/sp500 changes,https://github.com/fja05680/sp500/blob/master/sp500_changes_since_2019.csv,2026-06-03,medium,MIT repository; compact ticker-only changes since 2019. Provenance notes in source README.,KDP,UA
2022-06-21,ON,,IPGP,,Ticker-level change from fja05680 sp500_changes_since_2019.csv,Public GitHub fja05680/sp500 changes,https://github.com/fja05680/sp500/blob/master/sp500_changes_since_2019.csv,2026-06-03,medium,MIT repository; compact ticker-only changes since 2019. Provenance notes in source README.,ON,IPGP
2022-06-28,ELV,,ANTM,,Ticker-level change from fja05680 sp500_changes_since_2019.csv,Public GitHub fja05680/sp500 changes,https://github.com/fja05680/sp500/blob/master/sp500_changes_since_2019.csv,2026-06-03,medium,MIT repository; compact ticker-only changes since 2019. Provenance notes in source README.,ELV,ANTM
2022-09-19,CSGP,,PVH,,Ticker-level change from fja05680 sp500_changes_since_2019.csv,Public GitHub fja05680/sp500 changes,https://github.com/fja05680/sp500/blob/master/sp500_changes_since_2019.csv,2026-06-03,medium,MIT repository; compact ticker-only changes since 2019. Provenance notes in source README.,CSGP,PVH
2022-09-19,INVH,,PENN,,Ticker-level change from fja05680 sp500_changes_since_2019.csv,Public GitHub fja05680/sp500 changes,https://github.com/fja05680/sp500/blob/master/sp500_changes_since_2019.csv,2026-06-03,medium,MIT repository; compact ticker-only changes since 2019. Provenance notes in source README.,INVH,PENN
2022-10-03,EQT,,DRE,,Ticker-level change from fja05680 sp500_changes_since_2019.csv,Public GitHub fja05680/sp500 changes,https://github.com/fja05680/sp500/blob/master/sp500_changes_since_2019.csv,2026-06-03,medium,MIT repository; compact ticker-only changes since 2019. Provenance notes in source README.,EQT,DRE
2022-10-03,PCG,,CTXS,,Ticker-level change from fja05680 sp500_changes_since_2019.csv,Public GitHub fja05680/sp500 changes,https://github.com/fja05680/sp500/blob/master/sp500_changes_since_2019.csv,2026-06-03,medium,MIT repository; compact ticker-only changes since 2019. Provenance notes in source README.,PCG,CTXS
2022-10-12,TRGP,,NLSN,,Ticker-level change from fja05680 sp500_changes_since_2019.csv,Public GitHub fja05680/sp500 changes,https://github.com/fja05680/sp500/blob/master/sp500_changes_since_2019.csv,2026-06-03,medium,MIT repository; compact ticker-only changes since 2019. Provenance notes in source README.,TRGP,NLSN
2022-11-01,ACGL,,TWTR,,Ticker-level change from fja05680 sp500_changes_since_2019.csv,Public GitHub fja05680/sp500 changes,https://github.com/fja05680/sp500/blob/master/sp500_changes_since_2019.csv,2026-06-03,medium,MIT repository; compact ticker-only changes since 2019. Provenance notes in source README.,ACGL,TWTR
2022-11-08,GEN,,NLOK,,Ticker-level change from fja05680 sp500_changes_since_2019.csv,Public GitHub fja05680/sp500 changes,https://github.com/fja05680/sp500/blob/master/sp500_changes_since_2019.csv,2026-06-03,medium,MIT repository; compact ticker-only changes since 2019. Provenance notes in source README.,GEN,NLOK
2022-12-19,FSLR,,FBHS,,Ticker-level change from fja05680 sp500_changes_since_2019.csv,Public GitHub fja05680/sp500 changes,https://github.com/fja05680/sp500/blob/master/sp500_changes_since_2019.csv,2026-06-03,medium,MIT repository; compact ticker-only changes since 2019. Provenance notes in source README.,FSLR,FBHS
2022-12-22,STLD,,ABMD,,Ticker-level change from fja05680 sp500_changes_since_2019.csv,Public GitHub fja05680/sp500 changes,https://github.com/fja05680/sp500/blob/master/sp500_changes_since_2019.csv,2026-06-03,medium,MIT repository; compact ticker-only changes since 2019. Provenance notes in source README.,STLD,ABMD
2023-01-04,GEHC,,VNO,,Ticker-level change from fja05680 sp500_changes_since_2019.csv,Public GitHub fja05680/sp500 changes,https://github.com/fja05680/sp500/blob/master/sp500_changes_since_2019.csv,2026-06-03,medium,MIT repository; compact ticker-only changes since 2019. Provenance notes in source README.,GEHC,VNO
2023-03-15,BG,,SBNY,,Ticker-level change from fja05680 sp500_changes_since_2019.csv,Public GitHub fja05680/sp500 changes,https://github.com/fja05680/sp500/blob/master/sp500_changes_since_2019.csv,2026-06-03,medium,MIT repository; compact ticker-only changes since 2019. Provenance notes in source README.,BG,SBNY
2023-03-15,PODD,,SIVB,,Ticker-level change from fja05680 sp500_changes_since_2019.csv,Public GitHub fja05680/sp500 changes,https://github.com/fja05680/sp500/blob/master/sp500_changes_since_2019.csv,2026-06-03,medium,MIT repository; compact ticker-only changes since 2019. Provenance notes in source README.,PODD,SIVB
2023-03-20,FICO,,LUMN,,Ticker-level change from fja05680 sp500_changes_since_2019.csv,Public GitHub fja05680/sp500 changes,https://github.com/fja05680/sp500/blob/master/sp500_changes_since_2019.csv,2026-06-03,medium,MIT repository; compact ticker-only changes since 2019. Provenance notes in source README.,FICO,LUMN
2023-05-04,AXON,,FRC,,Ticker-level change from fja05680 sp500_changes_since_2019.csv,Public GitHub fja05680/sp500 changes,https://github.com/fja05680/sp500/blob/master/sp500_changes_since_2019.csv,2026-06-03,medium,MIT repository; compact ticker-only changes since 2019. Provenance notes in source README.,AXON,FRC
2023-05-16,RVTY,,PKI,,Ticker-level change from fja05680 sp500_changes_since_2019.csv,Public GitHub fja05680/sp500 changes,https://github.com/fja05680/sp500/blob/master/sp500_changes_since_2019.csv,2026-06-03,medium,MIT repository; compact ticker-only changes since 2019. Provenance notes in source README.,RVTY,PKI
2023-06-07,FI,,FISV,,Ticker-level change from fja05680 sp500_changes_since_2019.csv,Public GitHub fja05680/sp500 changes,https://github.com/fja05680/sp500/blob/master/sp500_changes_since_2019.csv,2026-06-03,medium,MIT repository; compact ticker-only changes since 2019. Provenance notes in source README.,FI,FISV
2023-06-20,PANW,,DISH,,Ticker-level change from fja05680 sp500_changes_since_2019.csv,Public GitHub fja05680/sp500 changes,https://github.com/fja05680/sp500/blob/master/sp500_changes_since_2019.csv,2026-06-03,medium,MIT repository; compact ticker-only changes since 2019. Provenance notes in source README.,PANW,DISH
2023-07-10,EG,,RE,,Ticker-level change from fja05680 sp500_changes_since_2019.csv,Public GitHub fja05680/sp500 changes,https://github.com/fja05680/sp500/blob/master/sp500_changes_since_2019.csv,2026-06-03,medium,MIT repository; compact ticker-only changes since 2019. Provenance notes in source README.,EG,RE
2023-08-25,KVUE,,AAP,,Ticker-level change from fja05680 sp500_changes_since_2019.csv,Public GitHub fja05680/sp500 changes,https://github.com/fja05680/sp500/blob/master/sp500_changes_since_2019.csv,2026-06-03,medium,MIT repository; compact ticker-only changes since 2019. Provenance notes in source README.,KVUE,AAP
2023-08-30,COR,,ABC,,Ticker-level change from fja05680 sp500_changes_since_2019.csv,Public GitHub fja05680/sp500 changes,https://github.com/fja05680/sp500/blob/master/sp500_changes_since_2019.csv,2026-06-03,medium,MIT repository; compact ticker-only changes since 2019. Provenance notes in source README.,COR,ABC
2023-09-18,ABNB,,NWL,,Ticker-level change from fja05680 sp500_changes_since_2019.csv,Public GitHub fja05680/sp500 changes,https://github.com/fja05680/sp500/blob/master/sp500_changes_since_2019.csv,2026-06-03,medium,MIT repository; compact ticker-only changes since 2019. Provenance notes in source README.,ABNB,NWL
2023-09-18,BX,,LNC,,Ticker-level change from fja05680 sp500_changes_since_2019.csv,Public GitHub fja05680/sp500 changes,https://github.com/fja05680/sp500/blob/master/sp500_changes_since_2019.csv,2026-06-03,medium,MIT repository; compact ticker-only changes since 2019. Provenance notes in source README.,BX,LNC
2023-10-02,VLTO,,DXC,,Ticker-level change from fja05680 sp500_changes_since_2019.csv,Public GitHub fja05680/sp500 changes,https://github.com/fja05680/sp500/blob/master/sp500_changes_since_2019.csv,2026-06-03,medium,MIT repository; compact ticker-only changes since 2019. Provenance notes in source README.,VLTO,DXC
2023-10-18,BLDR,,SEDG,,Ticker-level change from fja05680 sp500_changes_since_2019.csv,Public GitHub fja05680/sp500 changes,https://github.com/fja05680/sp500/blob/master/sp500_changes_since_2019.csv,2026-06-03,medium,MIT repository; compact ticker-only changes since 2019. Provenance notes in source README.,BLDR,SEDG
2023-10-18,HUBB,,OGN,,Ticker-level change from fja05680 sp500_changes_since_2019.csv,Public GitHub fja05680/sp500 changes,https://github.com/fja05680/sp500/blob/master/sp500_changes_since_2019.csv,2026-06-03,medium,MIT repository; compact ticker-only changes since 2019. Provenance notes in source README.,HUBB,OGN
2023-10-18,JBL,,ALK,,Ticker-level change from fja05680 sp500_changes_since_2019.csv,Public GitHub fja05680/sp500 changes,https://github.com/fja05680/sp500/blob/master/sp500_changes_since_2019.csv,2026-06-03,medium,MIT repository; compact ticker-only changes since 2019. Provenance notes in source README.,JBL,ALK
2023-10-18,LULU,,ATVI,,Ticker-level change from fja05680 sp500_changes_since_2019.csv,Public GitHub fja05680/sp500 changes,https://github.com/fja05680/sp500/blob/master/sp500_changes_since_2019.csv,2026-06-03,medium,MIT repository; compact ticker-only changes since 2019. Provenance notes in source README.,LULU,ATVI
2023-10-18,UBER,,SEE,,Ticker-level change from fja05680 sp500_changes_since_2019.csv,Public GitHub fja05680/sp500 changes,https://github.com/fja05680/sp500/blob/master/sp500_changes_since_2019.csv,2026-06-03,medium,MIT repository; compact ticker-only changes since 2019. Provenance notes in source README.,UBER,SEE
2024-02-01,DAY,,CDAY,,Ticker-level change from fja05680 sp500_changes_since_2019.csv,Public GitHub fja05680/sp500 changes,https://github.com/fja05680/sp500/blob/master/sp500_changes_since_2019.csv,2026-06-03,medium,MIT repository; compact ticker-only changes since 2019. Provenance notes in source README.,DAY,CDAY
2024-03-04,DOC,,PEAK,,Ticker-level change from fja05680 sp500_changes_since_2019.csv,Public GitHub fja05680/sp500 changes,https://github.com/fja05680/sp500/blob/master/sp500_changes_since_2019.csv,2026-06-03,medium,MIT repository; compact ticker-only changes since 2019. Provenance notes in source README.,DOC,PEAK
2024-03-18,DECK,,ZION,,Ticker-level change from fja05680 sp500_changes_since_2019.csv,Public GitHub fja05680/sp500 changes,https://github.com/fja05680/sp500/blob/master/sp500_changes_since_2019.csv,2026-06-03,medium,MIT repository; compact ticker-only changes since 2019. Provenance notes in source README.,DECK,ZION
2024-03-18,SMCI,,WHR,,Ticker-level change from fja05680 sp500_changes_since_2019.csv,Public GitHub fja05680/sp500 changes,https://github.com/fja05680/sp500/blob/master/sp500_changes_since_2019.csv,2026-06-03,medium,MIT repository; compact ticker-only changes since 2019. Provenance notes in source README.,SMCI,WHR
2024-03-25,CPAY,,FLT,,Ticker-level change from fja05680 sp500_changes_since_2019.csv,Public GitHub fja05680/sp500 changes,https://github.com/fja05680/sp500/blob/master/sp500_changes_since_2019.csv,2026-06-03,medium,MIT repository; compact ticker-only changes since 2019. Provenance notes in source README.,CPAY,FLT
2024-04-03,GEV,,XRAY,,Ticker-level change from fja05680 sp500_changes_since_2019.csv,Public GitHub fja05680/sp500 changes,https://github.com/fja05680/sp500/blob/master/sp500_changes_since_2019.csv,2026-06-03,medium,MIT repository; compact ticker-only changes since 2019. Provenance notes in source README.,GEV,XRAY
2024-04-03,SOLV,,VFC,,Ticker-level change from fja05680 sp500_changes_since_2019.csv,Public GitHub fja05680/sp500 changes,https://github.com/fja05680/sp500/blob/master/sp500_changes_since_2019.csv,2026-06-03,medium,MIT repository; compact ticker-only changes since 2019. Provenance notes in source README.,SOLV,VFC
2024-05-08,VST,,PXD,,Ticker-level change from fja05680 sp500_changes_since_2019.csv,Public GitHub fja05680/sp500 changes,https://github.com/fja05680/sp500/blob/master/sp500_changes_since_2019.csv,2026-06-03,medium,MIT repository; compact ticker-only changes since 2019. Provenance notes in source README.,VST,PXD
2024-06-24,CRWD,,CMA,,Ticker-level change from fja05680 sp500_changes_since_2019.csv,Public GitHub fja05680/sp500 changes,https://github.com/fja05680/sp500/blob/master/sp500_changes_since_2019.csv,2026-06-03,medium,MIT repository; compact ticker-only changes since 2019. Provenance notes in source README.,CRWD,CMA
2024-06-24,GDDY,,ILMN,,Ticker-level change from fja05680 sp500_changes_since_2019.csv,Public GitHub fja05680/sp500 changes,https://github.com/fja05680/sp500/blob/master/sp500_changes_since_2019.csv,2026-06-03,medium,MIT repository; compact ticker-only changes since 2019. Provenance notes in source README.,GDDY,ILMN
2024-06-24,KKR,,RHI,,Ticker-level change from fja05680 sp500_changes_since_2019.csv,Public GitHub fja05680/sp500 changes,https://github.com/fja05680/sp500/blob/master/sp500_changes_since_2019.csv,2026-06-03,medium,MIT repository; compact ticker-only changes since 2019. Provenance notes in source README.,KKR,RHI
2024-07-08,SW,,WRK,,Ticker-level change from fja05680 sp500_changes_since_2019.csv,Public GitHub fja05680/sp500 changes,https://github.com/fja05680/sp500/blob/master/sp500_changes_since_2019.csv,2026-06-03,medium,MIT repository; compact ticker-only changes since 2019. Provenance notes in source README.,SW,WRK
2024-09-23,DELL,,ETSY,,Ticker-level change from fja05680 sp500_changes_since_2019.csv,Public GitHub fja05680/sp500 changes,https://github.com/fja05680/sp500/blob/master/sp500_changes_since_2019.csv,2026-06-03,medium,MIT repository; compact ticker-only changes since 2019. Provenance notes in source README.,DELL,ETSY
2024-09-23,ERIE,,BIO,,Ticker-level change from fja05680 sp500_changes_since_2019.csv,Public GitHub fja05680/sp500 changes,https://github.com/fja05680/sp500/blob/master/sp500_changes_since_2019.csv,2026-06-03,medium,MIT repository; compact ticker-only changes since 2019. Provenance notes in source README.,ERIE,BIO
2024-09-23,PLTR,,AAL,,Ticker-level change from fja05680 sp500_changes_since_2019.csv,Public GitHub fja05680/sp500 changes,https://github.com/fja05680/sp500/blob/master/sp500_changes_since_2019.csv,2026-06-03,medium,MIT repository; compact ticker-only changes since 2019. Provenance notes in source README.,PLTR,AAL
2024-09-30,AMTM,,,,Ticker-level change from fja05680 sp500_changes_since_2019.csv,Public GitHub fja05680/sp500 changes,https://github.com/fja05680/sp500/blob/master/sp500_changes_since_2019.csv,2026-06-03,medium,MIT repository; compact ticker-only changes since 2019. Provenance notes in source README.,AMTM,
2024-10-01,,,BBWI,,Ticker-level change from fja05680 sp500_changes_since_2019.csv,Public GitHub fja05680/sp500 changes,https://github.com/fja05680/sp500/blob/master/sp500_changes_since_2019.csv,2026-06-03,medium,MIT repository; compact ticker-only changes since 2019. Provenance notes in source README.,,BBWI
2024-11-26,TPL,,MRO,,Ticker-level change from fja05680 sp500_changes_since_2019.csv,Public GitHub fja05680/sp500 changes,https://github.com/fja05680/sp500/blob/master/sp500_changes_since_2019.csv,2026-06-03,medium,MIT repository; compact ticker-only changes since 2019. Provenance notes in source README.,TPL,MRO
2024-12-23,APO,,QRVO,,Ticker-level change from fja05680 sp500_changes_since_2019.csv,Public GitHub fja05680/sp500 changes,https://github.com/fja05680/sp500/blob/master/sp500_changes_since_2019.csv,2026-06-03,medium,MIT repository; compact ticker-only changes since 2019. Provenance notes in source README.,APO,QRVO
2024-12-23,LII,,CTLT,,Ticker-level change from fja05680 sp500_changes_since_2019.csv,Public GitHub fja05680/sp500 changes,https://github.com/fja05680/sp500/blob/master/sp500_changes_since_2019.csv,2026-06-03,medium,MIT repository; compact ticker-only changes since 2019. Provenance notes in source README.,LII,CTLT
2024-12-23,WDAY,,AMTM,,Ticker-level change from fja05680 sp500_changes_since_2019.csv,Public GitHub fja05680/sp500 changes,https://github.com/fja05680/sp500/blob/master/sp500_changes_since_2019.csv,2026-06-03,medium,MIT repository; compact ticker-only changes since 2019. Provenance notes in source README.,WDAY,AMTM
2025-03-24,DASH,,BWA,,Ticker-level change from fja05680 sp500_changes_since_2019.csv,Public GitHub fja05680/sp500 changes,https://github.com/fja05680/sp500/blob/master/sp500_changes_since_2019.csv,2026-06-03,medium,MIT repository; compact ticker-only changes since 2019. Provenance notes in source README.,DASH,BWA
2025-03-24,EXE,,FMC,,Ticker-level change from fja05680 sp500_changes_since_2019.csv,Public GitHub fja05680/sp500 changes,https://github.com/fja05680/sp500/blob/master/sp500_changes_since_2019.csv,2026-06-03,medium,MIT repository; compact ticker-only changes since 2019. Provenance notes in source README.,EXE,FMC
2025-03-24,TKO,,TFX,,Ticker-level change from fja05680 sp500_changes_since_2019.csv,Public GitHub fja05680/sp500 changes,https://github.com/fja05680/sp500/blob/master/sp500_changes_since_2019.csv,2026-06-03,medium,MIT repository; compact ticker-only changes since 2019. Provenance notes in source README.,TKO,TFX
2025-03-24,WSM,,CE,,Ticker-level change from fja05680 sp500_changes_since_2019.csv,Public GitHub fja05680/sp500 changes,https://github.com/fja05680/sp500/blob/master/sp500_changes_since_2019.csv,2026-06-03,medium,MIT repository; compact ticker-only changes since 2019. Provenance notes in source README.,WSM,CE
2025-05-19,COIN,,DFS,,Ticker-level change from fja05680 sp500_changes_since_2019.csv,Public GitHub fja05680/sp500 changes,https://github.com/fja05680/sp500/blob/master/sp500_changes_since_2019.csv,2026-06-03,medium,MIT repository; compact ticker-only changes since 2019. Provenance notes in source README.,COIN,DFS
2025-07-09,DDOG,,JNPR,,Ticker-level change from fja05680 sp500_changes_since_2019.csv,Public GitHub fja05680/sp500 changes,https://github.com/fja05680/sp500/blob/master/sp500_changes_since_2019.csv,2026-06-03,medium,MIT repository; compact ticker-only changes since 2019. Provenance notes in source README.,DDOG,JNPR
2025-07-18,TTD,,ANSS,,Ticker-level change from fja05680 sp500_changes_since_2019.csv,Public GitHub fja05680/sp500 changes,https://github.com/fja05680/sp500/blob/master/sp500_changes_since_2019.csv,2026-06-03,medium,MIT repository; compact ticker-only changes since 2019. Provenance notes in source README.,TTD,ANSS
2025-07-23,XYZ,,HES,,Ticker-level change from fja05680 sp500_changes_since_2019.csv,Public GitHub fja05680/sp500 changes,https://github.com/fja05680/sp500/blob/master/sp500_changes_since_2019.csv,2026-06-03,medium,MIT repository; compact ticker-only changes since 2019. Provenance notes in source README.,XYZ,HES
2025-08-08,PSKY,,PARA,,Ticker-level change from fja05680 sp500_changes_since_2019.csv,Public GitHub fja05680/sp500 changes,https://github.com/fja05680/sp500/blob/master/sp500_changes_since_2019.csv,2026-06-03,medium,MIT repository; compact ticker-only changes since 2019. Provenance notes in source README.,PSKY,PARA
2025-08-28,IBKR,,WBA,,Ticker-level change from fja05680 sp500_changes_since_2019.csv,Public GitHub fja05680/sp500 changes,https://github.com/fja05680/sp500/blob/master/sp500_changes_since_2019.csv,2026-06-03,medium,MIT repository; compact ticker-only changes since 2019. Provenance notes in source README.,IBKR,WBA
2025-09-22,APP,,MKTX,,Ticker-level change from fja05680 sp500_changes_since_2019.csv,Public GitHub fja05680/sp500 changes,https://github.com/fja05680/sp500/blob/master/sp500_changes_since_2019.csv,2026-06-03,medium,MIT repository; compact ticker-only changes since 2019. Provenance notes in source README.,APP,MKTX
2025-09-22,EME,,ENPH,,Ticker-level change from fja05680 sp500_changes_since_2019.csv,Public GitHub fja05680/sp500 changes,https://github.com/fja05680/sp500/blob/master/sp500_changes_since_2019.csv,2026-06-03,medium,MIT repository; compact ticker-only changes since 2019. Provenance notes in source README.,EME,ENPH
2025-09-22,HOOD,,CZR,,Ticker-level change from fja05680 sp500_changes_since_2019.csv,Public GitHub fja05680/sp500 changes,https://github.com/fja05680/sp500/blob/master/sp500_changes_since_2019.csv,2026-06-03,medium,MIT repository; compact ticker-only changes since 2019. Provenance notes in source README.,HOOD,CZR
2025-10-30,SOLS,,,,Ticker-level change from fja05680 sp500_changes_since_2019.csv,Public GitHub fja05680/sp500 changes,https://github.com/fja05680/sp500/blob/master/sp500_changes_since_2019.csv,2026-06-03,medium,MIT repository; compact ticker-only changes since 2019. Provenance notes in source README.,SOLS,
2025-10-31,,,KMX,,Ticker-level change from fja05680 sp500_changes_since_2019.csv,Public GitHub fja05680/sp500 changes,https://github.com/fja05680/sp500/blob/master/sp500_changes_since_2019.csv,2026-06-03,medium,MIT repository; compact ticker-only changes since 2019. Provenance notes in source README.,,KMX
2025-11-03,Q,,,,Ticker-level change from fja05680 sp500_changes_since_2019.csv,Public GitHub fja05680/sp500 changes,https://github.com/fja05680/sp500/blob/master/sp500_changes_since_2019.csv,2026-06-03,medium,MIT repository; compact ticker-only changes since 2019. Provenance notes in source README.,Q,
2025-11-04,,,EMN,,Ticker-level change from fja05680 sp500_changes_since_2019.csv,Public GitHub fja05680/sp500 changes,https://github.com/fja05680/sp500/blob/master/sp500_changes_since_2019.csv,2026-06-03,medium,MIT repository; compact ticker-only changes since 2019. Provenance notes in source README.,,EMN
2025-11-11,FISV,,FI,,Ticker-level change from fja05680 sp500_changes_since_2019.csv,Public GitHub fja05680/sp500 changes,https://github.com/fja05680/sp500/blob/master/sp500_changes_since_2019.csv,2026-06-03,medium,MIT repository; compact ticker-only changes since 2019. Provenance notes in source README.,FISV,FI
2025-11-28,SNDK,,IPG,,Ticker-level change from fja05680 sp500_changes_since_2019.csv,Public GitHub fja05680/sp500 changes,https://github.com/fja05680/sp500/blob/master/sp500_changes_since_2019.csv,2026-06-03,medium,MIT repository; compact ticker-only changes since 2019. Provenance notes in source README.,SNDK,IPG
2025-12-11,ARES,,K,,Ticker-level change from fja05680 sp500_changes_since_2019.csv,Public GitHub fja05680/sp500 changes,https://github.com/fja05680/sp500/blob/master/sp500_changes_since_2019.csv,2026-06-03,medium,MIT repository; compact ticker-only changes since 2019. Provenance notes in source README.,ARES,K
2025-12-22,CRH,,LKQ,,Ticker-level change from fja05680 sp500_changes_since_2019.csv,Public GitHub fja05680/sp500 changes,https://github.com/fja05680/sp500/blob/master/sp500_changes_since_2019.csv,2026-06-03,medium,MIT repository; compact ticker-only changes since 2019. Provenance notes in source README.,CRH,LKQ
2025-12-22,CVNA,,SOLS,,Ticker-level change from fja05680 sp500_changes_since_2019.csv,Public GitHub fja05680/sp500 changes,https://github.com/fja05680/sp500/blob/master/sp500_changes_since_2019.csv,2026-06-03,medium,MIT repository; compact ticker-only changes since 2019. Provenance notes in source README.,CVNA,SOLS
2025-12-22,FIX,,MHK,,Ticker-level change from fja05680 sp500_changes_since_2019.csv,Public GitHub fja05680/sp500 changes,https://github.com/fja05680/sp500/blob/master/sp500_changes_since_2019.csv,2026-06-03,medium,MIT repository; compact ticker-only changes since 2019. Provenance notes in source README.,FIX,MHK
2026-01-14,MRSH,,MMC,,Ticker-level change from fja05680 sp500_changes_since_2019.csv,Public GitHub fja05680/sp500 changes,https://github.com/fja05680/sp500/blob/master/sp500_changes_since_2019.csv,2026-06-03,medium,MIT repository; compact ticker-only changes since 2019. Provenance notes in source README.,MRSH,MMC
